gas,wdcgg_id,record_id,accessible,event,hourly,daily,monthly,metadata_link,station_name,station_code,country,wigos_id,contributor,latitude,longitude,elevation,wmo_region,wmo_category,station_type,station_status,metadata_contributor,gas_species,screening_status,screening_reason,screening_rule_version,final_cohort_status,final_cohort_reason
CO2,ALT4001,0002-4001-1001-01-02-3001,True,True,False,False,False,False,Alert,4001,CANADA,0-20008-0-ALT,NOAA,82.4991455078,-62.3415260315,185,REGION IV (North and Central America),GAW Global,fixed station,Operational,NOAA CSIRO ECCC,co2 ch4 n2o sf6 13ch4 13co2 c18o2 ccl4 ch3ccl3 cfc113 cfc12 cfc11 hcfc141b hcfc142b hcfc22 hfc125 hfc152a hfc227ea hfc365mfc hfc134a hfc143a hfc32 cbrclf2 cbrf3 c2br2f4 co ch3cl ch2cl2 ch3br c2cl4 h2,EXCLUDED,NOT_HOURLY,global_cohort_v1_gap_rule_20260814,NOT_ACQUIRED,NOT_HOURLY
CO2,SNO4065,0162-4065-1001-02-01-6021,True,False,True,True,False,False,Station Nord,4065,DENMARK,0-20008-0-SNO,ICOS,81.6015,-16.662,24,REGION IV (North and Central America),GAW Regional,fixed station,Non-reporting,ICOS,co2 ch4,EXCLUDED,CLOSED_OR_NON_REPORTING,global_cohort_v1_gap_rule_20260814,NOT_ACQUIRED,CLOSED_OR_NON_REPORTING
CO2,ZEP6001,0002-6001-1001-01-02-3001,True,True,False,False,False,False,Zeppelin Mountain (Ny Ålesund),6001,NORWAY,0-20008-0-ZEP,NOAA,78.906688,11.889342,475,REGION VI (Europe),GAW Global,fixed station,Operational,NOAA AGAGE ITM NILU ICOS,co2 ch4 n2o sf6 so2f2 nf3 13ch4 13co2 c18o2 ccl4 ch3ccl3 cfc113 cfc12 cfc11 cfc115 cfc114 cfc13 hcfc141b hcfc142b hcfc22 hcfc124 hcfc132b hcfc133a hfc125 hfc23 hfc152a hfc236fa hfc245fa hfc227ea hfc365mfc hfc134a hfc143a hfc32 hfc4310mee pfc116 pfc218 pfc14 pfc318 cbrclf2 cbrf3 c2br2f4 co chcl3 ch3cl ch2cl2 ch3br c2cl4 h2,EXCLUDED,NOT_HOURLY,global_cohort_v1_gap_rule_20260814,NOT_ACQUIRED,NOT_HOURLY
CO2,MBC4002,0002-4002-1001-01-02-3001,True,True,False,False,False,False,Mould Bay,4002,CANADA,0-20008-0-MBC,NOAA,76.25,-119.3499984741,58,REGION IV (North and Central America),GAW Regional,fixed station,Closed,NOAA,co2 ch4 13co2 c18o2 co,EXCLUDED,NOT_HOURLY,global_cohort_v1_gap_rule_20260814,NOT_ACQUIRED,NOT_HOURLY
CO2,KOT2001,,False,True,False,False,False,False,Kotelnyj Island,2001,RUSSIAN FEDERATION,0-20008-0-KOT,MGO,76,137.8699951172,5,REGION II (Asia),GAW Regional,fixed station,Non-reporting,MGO,co2,EXCLUDED,NOT_HOURLY,global_cohort_v1_gap_rule_20260814,NOT_ACQUIRED,NOT_HOURLY
CO2,SUM6002,0002-6002-1001-01-02-3001,True,True,False,False,False,False,Summit,6002,DENMARK,0-20008-0-SUM,NOAA,72.5800018311,-38.4799995422,3238,REGION VI (Europe),GAW Regional,fixed station,Operational,NOAA INSTAAR,co2 ch4 n2o sf6 13ch4 13co2 c18o2 ccl4 ch3ccl3 cfc113 cfc12 cfc11 hcfc142b hcfc22 hfc125 hfc152a hfc227ea hfc365mfc hfc134a hfc143a hfc32 cbrclf2 cbrf3 c2br2f4 co ch3cl ch2cl2 ch3br h2,EXCLUDED,NOT_HOURLY,global_cohort_v1_gap_rule_20260814,NOT_ACQUIRED,NOT_HOURLY
CO2,TIK2002,0002-2002-1001-01-02-3001,True,True,False,False,False,False,Tiksi,2002,RUSSIAN FEDERATION,0-20008-0-TIK,NOAA,71.5861663818,128.9188232422,8,REGION II (Asia),GAW Regional,fixed station,Operational,NOAA FMI MGO,co2 ch4 n2o sf6 13co2 c18o2 co h2,EXCLUDED,NOT_HOURLY,global_cohort_v1_gap_rule_20260814,NOT_ACQUIRED,NOT_HOURLY
CO2,BRW4003,0002-4003-1001-01-01-3001,True,False,True,True,False,False,Barrow (AK),4003,UNITED STATES,0-20008-0-BRW,NOAA,71.3230133057,-156.6114654541,11,REGION IV (North and Central America),GAW Global,fixed station,Operational,NOAA,co2 ch4 n2o sf6 13ch4 13co2 c18o2 ccl4 ch3ccl3 cfc113 cfc12 cfc11 hcfc141b hcfc142b hcfc22 hfc125 hfc152a hfc227ea hfc365mfc hfc134a hfc143a hfc32 cbrclf2 cbrf3 c2br2f4 co ch3cl ch2cl2 ch3br c2cl4 h2,SELECTED_FOR_ACQUISITION,Operational hourly accessible product; global or geographic-gap rule,global_cohort_v1_gap_rule_20260814,FINAL_COHORT,passes chosen coverage rule
CO2,TER6003,,False,True,False,False,False,True,Teriberka,6003,RUSSIAN FEDERATION,0-20008-0-TER,MGO,69.1999969482,35.0999984741,40,REGION VI (Europe),GAW Regional,fixed station,Operational,MGO,co2 ch4,EXCLUDED,NOT_HOURLY,global_cohort_v1_gap_rule_20260814,NOT_ACQUIRED,NOT_HOURLY
CO2,CBY4165,0020-4165-1001-01-01-9999,True,False,True,True,False,False,Cambridge Bay,4165,CANADA,0-20008-0-CBY,ECCC,69.1284,-105.0577,25,REGION IV (North and Central America),GAW Regional,fixed station,Operational,ECCC,co2 ch4,EXCLUDED,OUTSIDE_PREDECLARED_GEOGRAPHIC_GAP_RULE,global_cohort_v1_gap_rule_20260814,NOT_ACQUIRED,OUTSIDE_PREDECLARED_GEOGRAPHIC_GAP_RULE
CO2,INU4176,0020-4176-1001-01-01-9999,True,False,True,True,False,False,Inuvik,4176,CANADA,0-20008-0-INU,ECCC,68.317817,-133.534232,107,REGION IV (North and Central America),GAW Regional,fixed station,Operational,ECCC,co2 ch4,EXCLUDED,OUTSIDE_PREDECLARED_GEOGRAPHIC_GAP_RULE,global_cohort_v1_gap_rule_20260814,NOT_ACQUIRED,OUTSIDE_PREDECLARED_GEOGRAPHIC_GAP_RULE
CO2,PAL6004,0002-6004-1001-01-02-3001,True,True,False,False,False,False,Pallas,6004,FINLAND,0-20008-0-PAL,NOAA,67.9736099243,24.1158332825,560,REGION VI (Europe),GAW Global,fixed station,Operational,NOAA ICOS,co2 ch4 n2o sf6 13co2 c18o2 co h2,EXCLUDED,NOT_HOURLY,global_cohort_v1_gap_rule_20260814,NOT_ACQUIRED,NOT_HOURLY
CO2,STM6006,0002-6006-1001-01-02-3001,True,True,False,False,False,False,Ocean Station M,6006,NORWAY,0-20008-0-STM,NOAA,66,2,4,REGION VI (Europe),GAW Regional,fixed station,Non-reporting,NOAA,co2 ch4 n2o sf6 13co2 c18o2 co h2,EXCLUDED,NOT_HOURLY,global_cohort_v1_gap_rule_20260814,NOT_ACQUIRED,NOT_HOURLY
CO2,SVB6392,0162-6392-1001-02-01-6036,True,False,True,True,False,False,Svartberget,6392,SWEDEN,0-20008-0-SVB,ICOS,64.25609,19.77457,267,REGION VI (Europe),GAW Regional,fixed station,Operational,ICOS,co2 ch4 n2o co,EXCLUDED,OUTSIDE_PREDECLARED_GEOGRAPHIC_GAP_RULE,global_cohort_v1_gap_rule_20260814,NOT_ACQUIRED,OUTSIDE_PREDECLARED_GEOGRAPHIC_GAP_RULE
CO2,ICE6007,0002-6007-1001-01-02-3001,True,True,False,False,False,False,Storhofdi,6007,ICELAND,0-20008-0-ICE,NOAA,63.4000015259,-20.2833328247,118,REGION VI (Europe),GAW Regional,fixed station,Operational,NOAA,co2 ch4 n2o sf6 13co2 c18o2 co h2,EXCLUDED,NOT_HOURLY,global_cohort_v1_gap_rule_20260814,NOT_ACQUIRED,NOT_HOURLY
CO2,PUI6325,0162-6325-1001-02-01-6048,True,False,True,True,False,False,Puijo,6325,FINLAND,0-246-0-PUI,ICOS,62.90944,27.65528,306,REGION VI (Europe),GAW Contributing networks,fixed station,Operational,ICOS,co2 ch4 co,EXCLUDED,OUTSIDE_PREDECLARED_GEOGRAPHIC_GAP_RULE,global_cohort_v1_gap_rule_20260814,NOT_ACQUIRED,OUTSIDE_PREDECLARED_GEOGRAPHIC_GAP_RULE
CO2,BCK4129,0020-4129-1001-01-01-9999,True,False,True,True,False,False,Behchoko,4129,CANADA,0-20008-0-BCK,ECCC,62.797934,-115.918255,184,REGION IV (North and Central America),GAW Regional,fixed station,Operational,ECCC,co2 ch4,EXCLUDED,OUTSIDE_PREDECLARED_GEOGRAPHIC_GAP_RULE,global_cohort_v1_gap_rule_20260814,NOT_ACQUIRED,OUTSIDE_PREDECLARED_GEOGRAPHIC_GAP_RULE
CO2,SMR6401,0162-6401-1001-02-01-6017,True,False,True,True,False,False,Hyytiälä,6401,FINLAND,0-20008-0-SMR,ICOS,61.84738441,24.2947798,181,REGION VI (Europe),GAW Regional,fixed station,Operational,ICOS,co2 ch4 co,EXCLUDED,OUTSIDE_PREDECLARED_GEOGRAPHIC_GAP_RULE,global_cohort_v1_gap_rule_20260814,NOT_ACQUIRED,OUTSIDE_PREDECLARED_GEOGRAPHIC_GAP_RULE
CO2,SIS6008,0016-6008-1001-01-02-9999,True,True,False,False,False,False,Lerwick,6008,UNITED KINGDOM,0-20008-0-SIS,CSIRO,60.1333351135,-1.1833332777,84,REGION VI (Europe),GAW Regional,fixed station,Non-reporting,CSIRO,co2 ch4 n2o 13co2 co h2,EXCLUDED,NOT_HOURLY,global_cohort_v1_gap_rule_20260814,NOT_ACQUIRED,NOT_HOURLY
CO2,NOR6260,0162-6260-1001-02-01-6033,True,False,True,True,False,False,Norunda,6260,SWEDEN,0-20008-0-NOR,ICOS,60.086441,17.479455,46,REGION VI (Europe),GAW Regional,fixed station,Operational,ICOS,co2 ch4 co,EXCLUDED,OUTSIDE_PREDECLARED_GEOGRAPHIC_GAP_RULE,global_cohort_v1_gap_rule_20260814,NOT_ACQUIRED,OUTSIDE_PREDECLARED_GEOGRAPHIC_GAP_RULE
CO2,UTO6105,0162-6105-1001-01-01-9999,True,False,True,True,False,False,Utö,6105,FINLAND,0-20008-0-UTO,ICOS,59.7833328247,21.3833332062,7,REGION VI (Europe),GAW Regional,fixed station,Operational,ICOS,co2 ch4 co,EXCLUDED,OUTSIDE_PREDECLARED_GEOGRAPHIC_GAP_RULE,global_cohort_v1_gap_rule_20260814,NOT_ACQUIRED,OUTSIDE_PREDECLARED_GEOGRAPHIC_GAP_RULE
CO2,CHL4004,0020-4004-1001-01-01-9999,True,False,True,True,False,False,Churchill,4004,CANADA,0-20008-0-CHL,ECCC,58.737902,-93.820581,16,REGION IV (North and Central America),GAW Regional,fixed station,Operational,ECCC TU,co2 ch4 n2o 13ch4 13co2 c18o2 co,EXCLUDED,OUTSIDE_PREDECLARED_GEOGRAPHIC_GAP_RULE,global_cohort_v1_gap_rule_20260814,NOT_ACQUIRED,OUTSIDE_PREDECLARED_GEOGRAPHIC_GAP_RULE
CO2,BIR6298,0162-6298-1001-02-01-6011,True,False,True,True,False,False,Birkenes,6298,NORWAY,0-20008-0-BIR,ICOS,58.3800010681,8.25,190,REGION VI (Europe),GAW Regional,fixed station,Operational,ICOS,co2 ch4 co,EXCLUDED,OUTSIDE_PREDECLARED_GEOGRAPHIC_GAP_RULE,global_cohort_v1_gap_rule_20260814,NOT_ACQUIRED,OUTSIDE_PREDECLARED_GEOGRAPHIC_GAP_RULE
CO2,HTM6319,0162-6319-1001-02-01-6031,True,False,True,True,False,False,Hyltemossa,6319,SWEDEN,0-20008-0-HTM,ICOS,56.09763,13.41897,115,REGION VI (Europe),GAW Regional,fixed station,Non-reporting,ICOS,co2 ch4 n2o co,EXCLUDED,CLOSED_OR_NON_REPORTING,global_cohort_v1_gap_rule_20260814,NOT_ACQUIRED,CLOSED_OR_NON_REPORTING
CO2,BAL6009,0002-6009-1001-01-02-3001,True,True,False,False,False,False,Baltic Sea,6009,POLAND,0-20008-0-BAL,NOAA,55.5,16.6700000763,7,REGION VI (Europe),GAW Regional,fixed station,Non-reporting,NOAA,co2 ch4 n2o sf6 13ch4 13co2 c18o2 co h2,EXCLUDED,NOT_HOURLY,global_cohort_v1_gap_rule_20260814,NOT_ACQUIRED,NOT_HOURLY
CO2,CBA4005,0002-4005-1001-01-02-3001,True,True,False,False,False,False,Cold Bay (AK),4005,UNITED STATES,0-20008-0-CBA,NOAA,55.2000007629,-162.7166595459,25,REGION IV (North and Central America),GAW Regional,fixed station,Operational,NOAA,co2 ch4 n2o sf6 13ch4 13co2 c18o2 co h2,EXCLUDED,NOT_HOURLY,global_cohort_v1_gap_rule_20260814,NOT_ACQUIRED,NOT_HOURLY
CO2,BER2003,,False,True,False,False,False,False,Bering Island,2003,RUSSIAN FEDERATION,0-20008-0-BER,MGO,55.2000007629,165.9799957275,13,REGION II (Asia),GAW Regional,fixed station,Closed,MGO,co2,EXCLUDED,NOT_HOURLY,global_cohort_v1_gap_rule_20260814,NOT_ACQUIRED,NOT_HOURLY
CO2,LLB4006,0002-4006-1001-01-02-3001,True,True,False,False,False,False,Lac La Biche (Alberta),4006,CANADA,0-20008-0-LLB,NOAA,54.953809,-112.466649,548,REGION IV (North and Central America),GAW Regional,fixed station,Operational,NOAA ECCC,co2 ch4 n2o sf6 13ch4 13co2 c18o2 co h2,EXCLUDED,NOT_HOURLY,global_cohort_v1_gap_rule_20260814,NOT_ACQUIRED,NOT_HOURLY
CO2,WES6010,0071-6010-1001-01-01-9998,True,False,True,True,False,True,Westerland,6010,GERMANY,0-20008-0-WES,UBAG,54.923142,8.308017,12,REGION VI (Europe),GAW Contributing networks,fixed station,Operational,UBAG ICOS,co2 ch4 co,EXCLUDED,OUTSIDE_PREDECLARED_GEOGRAPHIC_GAP_RULE,global_cohort_v1_gap_rule_20260814,NOT_ACQUIRED,OUTSIDE_PREDECLARED_GEOGRAPHIC_GAP_RULE
CO2,ZGT6011,,False,False,True,True,False,True,Zingst,6011,GERMANY,0-20008-0-ZGT,UBAG,54.436637,12.724917,1,REGION VI (Europe),GAW Other elements,fixed station,Operational,UBAG,co2 ch4,EXCLUDED,AUTHENTICATION_REQUIRED_OR_LOCKED,global_cohort_v1_gap_rule_20260814,NOT_ACQUIRED,AUTHENTICATION_REQUIRED_OR_LOCKED
CO2,BSD6293,0077-6293-1001-02-01-6043,True,True,True,True,False,False,Bilsdale,6293,UNITED KINGDOM,0-20008-0-BSD,UNIVBRIS,54.359,-1.15,380,REGION VI (Europe),GAW Regional,fixed station,Non-reporting,UNIVBRIS,co2 ch4 n2o sf6 co,EXCLUDED,CLOSED_OR_NON_REPORTING,global_cohort_v1_gap_rule_20260814,NOT_ACQUIRED,CLOSED_OR_NON_REPORTING
CO2,ETL4007,0020-4007-1001-01-01-9999,True,False,True,True,False,False,East Trout Lake,4007,CANADA,0-20008-0-ETL,ECCC,54.353743,-104.986864,500,REGION IV (North and Central America),GAW Regional,fixed station,Operational,ECCC,co2 ch4 13co2 c18o2 co,EXCLUDED,OUTSIDE_PREDECLARED_GEOGRAPHIC_GAP_RULE,global_cohort_v1_gap_rule_20260814,NOT_ACQUIRED,OUTSIDE_PREDECLARED_GEOGRAPHIC_GAP_RULE
CO2,HEL6415,0162-6415-1001-01-01-9999,True,False,True,True,False,False,Helgoland,6415,GERMANY,0-276-0-HEL,ICOS,54.1804,7.8832,43,REGION VI (Europe),GAW Regional,fixed station,Operational,ICOS,co2 ch4 n2o co,EXCLUDED,OUTSIDE_PREDECLARED_GEOGRAPHIC_GAP_RULE,global_cohort_v1_gap_rule_20260814,NOT_ACQUIRED,OUTSIDE_PREDECLARED_GEOGRAPHIC_GAP_RULE
CO2,DIG6012,,False,False,True,True,False,False,Diabla Gora / Puszcza Borecka,6012,POLAND,0-20008-0-DIG,IOEP,54.1500015259,22.0666675568,157,REGION VI (Europe),GAW Regional,fixed station,Operational,IOEP,co2,EXCLUDED,AUTHENTICATION_REQUIRED_OR_LOCKED,global_cohort_v1_gap_rule_20260814,NOT_ACQUIRED,AUTHENTICATION_REQUIRED_OR_LOCKED
CO2,STC6013,0002-6013-1001-01-02-3001,True,True,False,False,False,False,Ocean Station Charlie,6013,UNITED STATES,0-20008-0-STC,NOAA,54,-35,0,REGION VI (Europe),GAW Regional,fixed station,Closed,NOAA MGO,co2,EXCLUDED,NOT_HOURLY,global_cohort_v1_gap_rule_20260814,NOT_ACQUIRED,NOT_HOURLY
CO2,CDL4008,0020-4008-1001-01-01-9999,True,False,True,True,False,False,Candle Lake,4008,CANADA,0-20008-0-CDL,ECCC,53.987108,-105.117939,591,REGION IV (North and Central America),GAW Regional,fixed station,Closed,ECCC,co2 ch4 co,EXCLUDED,CLOSED_OR_NON_REPORTING,global_cohort_v1_gap_rule_20260814,NOT_ACQUIRED,CLOSED_OR_NON_REPORTING
CO2,LUT6420,0162-6420-1001-01-01-9999,True,False,True,True,False,False,Lutjewad,6420,NETHERLANDS,0-528-0-LUT,ICOS,53.4036,6.3528,1,REGION VI (Europe),GAW Regional,fixed station,Operational,ICOS,co2 ch4 n2o co,EXCLUDED,OUTSIDE_PREDECLARED_GEOGRAPHIC_GAP_RULE,global_cohort_v1_gap_rule_20260814,NOT_ACQUIRED,OUTSIDE_PREDECLARED_GEOGRAPHIC_GAP_RULE
CO2,KMW6015,0063-6015-1001-01-01-9999,True,False,True,True,False,False,Kollumerwaard,6015,NETHERLANDS,0-20008-0-KMW,RIVM,53.3333320618,6.2666668892,0,REGION VI (Europe),GAW Regional,fixed station,Operational,RIVM,co2 ch4 co,EXCLUDED,OUTSIDE_PREDECLARED_GEOGRAPHIC_GAP_RULE,global_cohort_v1_gap_rule_20260814,NOT_ACQUIRED,OUTSIDE_PREDECLARED_GEOGRAPHIC_GAP_RULE
CO2,MHD6016,0002-6016-1001-01-02-3001,True,True,False,False,False,False,Mace Head,6016,IRELAND,0-20008-0-MHD,NOAA,53.326614,-9.904419,8.4,REGION VI (Europe),GAW Global,fixed station,Operational,NOAA AGAGE LSCE,co2 ch4 n2o sf6 so2f2 nf3 13ch4 13co2 c18o2 ccl4 ch3ccl3 cfc113 cfc12 cfc11 cfc115 cfc114 cfc13 hcfc141b hcfc142b hcfc22 hcfc124 hcfc132b hcfc133a hfc125 hfc23 hfc152a hfc236fa hfc245fa hfc227ea hfc365mfc hfc134a hfc143a hfc32 hfc4310mee pfc116 pfc218 pfc14 pfc318 cbrclf2 cbrf3 c2br2f4 co chcl3 ch3cl ch2cl2 ch3br c2hcl3 c2cl4 h2,EXCLUDED,NOT_HOURLY,global_cohort_v1_gap_rule_20260814,NOT_ACQUIRED,NOT_HOURLY
CO2,NGL6017,,False,False,True,True,False,True,Neuglobsow,6017,GERMANY,0-20008-0-NGL,UBAG,53.1427764893,13.0333337784,62,REGION VI (Europe),GAW Regional,fixed station,Operational,UBAG,co2 ch4 co,EXCLUDED,AUTHENTICATION_REQUIRED_OR_LOCKED,global_cohort_v1_gap_rule_20260814,NOT_ACQUIRED,AUTHENTICATION_REQUIRED_OR_LOCKED
CO2,GAT6058,0162-6058-1001-02-01-6031,True,False,True,True,False,False,Gartow,6058,GERMANY,0-20008-0-GAT,ICOS,53.065514,11.442733,69,REGION VI (Europe),GAW Regional,fixed station,Operational,ICOS,co2 ch4 n2o co,EXCLUDED,OUTSIDE_PREDECLARED_GEOGRAPHIC_GAP_RULE,global_cohort_v1_gap_rule_20260814,NOT_ACQUIRED,OUTSIDE_PREDECLARED_GEOGRAPHIC_GAP_RULE
CO2,STE6422,0162-6422-1001-02-01-6033,True,False,True,True,False,False,Steinkimmen,6422,GERMANY,0-20008-0-STE,ICOS,53.043081,8.458761,29,REGION VI (Europe),GAW Regional,fixed station,Operational,ICOS,co2 ch4 n2o co,EXCLUDED,OUTSIDE_PREDECLARED_GEOGRAPHIC_GAP_RULE,global_cohort_v1_gap_rule_20260814,NOT_ACQUIRED,OUTSIDE_PREDECLARED_GEOGRAPHIC_GAP_RULE
CO2,WAO6391,0162-6391-1001-01-01-9999,True,False,True,True,False,False,Weybourne Atmospheric Observatory,6391,UNITED KINGDOM,0-20008-0-WAO,ICOS,52.957,1.128,21,REGION VI (Europe),GAW Regional,fixed station,Operational,ICOS,co2 ch4 n2o co,EXCLUDED,OUTSIDE_PREDECLARED_GEOGRAPHIC_GAP_RULE,global_cohort_v1_gap_rule_20260814,NOT_ACQUIRED,OUTSIDE_PREDECLARED_GEOGRAPHIC_GAP_RULE
CO2,WAL6018,,False,False,True,True,False,True,Waldhof-Langenbrügge,6018,GERMANY,0-20008-0-WAL,UBAG,52.800867,10.75623,74,REGION VI (Europe),GAW Other elements,fixed station,Operational,UBAG,co2,EXCLUDED,AUTHENTICATION_REQUIRED_OR_LOCKED,global_cohort_v1_gap_rule_20260814,NOT_ACQUIRED,AUTHENTICATION_REQUIRED_OR_LOCKED
CO2,SHM4009,0002-4009-1001-01-02-3001,True,True,False,False,False,False,Shemya Island,4009,UNITED STATES,0-20008-0-SHM,NOAA,52.7200012207,174.1000061035,40,REGION IV (North and Central America),GAW Regional,fixed station,Operational,NOAA,co2 ch4 n2o sf6 13co2 c18o2 co h2,EXCLUDED,NOT_HOURLY,global_cohort_v1_gap_rule_20260814,NOT_ACQUIRED,NOT_HOURLY
CO2,TAC6019,0002-6019-1001-01-02-3001,True,True,False,False,False,False,Tacolneston Tall Tower,6019,UNITED KINGDOM,0-20008-0-TAC,NOAA,52.5177,1.1386,56,REGION VI (Europe),GAW Regional,fixed station,Non-reporting,NOAA AGAGE UNIVBRIS,co2 ch4 n2o sf6 so2f2 ccl4 ch3ccl3 cfc113 cfc12 cfc11 cfc115 cfc114 cfc13 hcfc141b hcfc142b hcfc22 hcfc124 hcfc132b hcfc133a hfc125 hfc23 hfc152a hfc236fa hfc245fa hfc227ea hfc365mfc hfc134a hfc143a hfc32 hfc4310mee pfc116 pfc218 pfc14 pfc318 cbrclf2 cbrf3 c2br2f4 co chcl3 ch3cl ch2cl2 ch3br c2cl4 h2,EXCLUDED,NOT_HOURLY,global_cohort_v1_gap_rule_20260814,NOT_ACQUIRED,NOT_HOURLY
CO2,LIN6057,0162-6057-1001-02-01-6003,True,False,True,True,False,False,Lindenberg,6057,GERMANY,0-20008-0-LIN,ICOS,52.2166671753,14.1166667938,112,REGION VI (Europe),GAW Contributing networks,fixed station,Operational,ICOS,co2 ch4 n2o co,EXCLUDED,OUTSIDE_PREDECLARED_GEOGRAPHIC_GAP_RULE,global_cohort_v1_gap_rule_20260814,NOT_ACQUIRED,OUTSIDE_PREDECLARED_GEOGRAPHIC_GAP_RULE
CO2,RGL6020,0162-6020-1001-02-01-6046,True,False,True,True,False,False,Ridge Hill,6020,UNITED KINGDOM,0-20008-0-RGL,ICOS,51.9975585938,-2.5400300026,204,REGION VI (Europe),GAW Regional,fixed station,Operational,UNIVBRIS ICOS,co2 ch4 n2o sf6 co,EXCLUDED,OUTSIDE_PREDECLARED_GEOGRAPHIC_GAP_RULE,global_cohort_v1_gap_rule_20260814,NOT_ACQUIRED,OUTSIDE_PREDECLARED_GEOGRAPHIC_GAP_RULE
CO2,CBW6117,0162-6117-1001-02-01-6028,True,False,True,True,False,False,Cesar (Cabauw),6117,NETHERLANDS,0-20008-0-CES,ICOS,51.9710006714,4.9270000458,-1,REGION VI (Europe),GAW Regional,fixed station,Operational,ICOS,co2 ch4 n2o co,EXCLUDED,OUTSIDE_PREDECLARED_GEOGRAPHIC_GAP_RULE,global_cohort_v1_gap_rule_20260814,NOT_ACQUIRED,OUTSIDE_PREDECLARED_GEOGRAPHIC_GAP_RULE
CO2,TOH6064,0162-6064-1001-02-01-6011,True,False,True,True,False,False,Torfhaus,6064,GERMANY,0-20008-0-TOH,ICOS,51.808844,10.53495,801,REGION VI (Europe),GAW Regional,fixed station,Operational,ICOS,co2 ch4 n2o co,EXCLUDED,OUTSIDE_PREDECLARED_GEOGRAPHIC_GAP_RULE,global_cohort_v1_gap_rule_20260814,NOT_ACQUIRED,OUTSIDE_PREDECLARED_GEOGRAPHIC_GAP_RULE
CO2,EST4178,0020-4178-1001-01-01-9999,True,False,True,True,False,False,Esther,4178,CANADA,0-20008-0-EST,ECCC,51.67055,-110.206325,707,REGION IV (North and Central America),GAW Regional,fixed station,Operational,ECCC,co2 ch4,EXCLUDED,OUTSIDE_PREDECLARED_GEOGRAPHIC_GAP_RULE,global_cohort_v1_gap_rule_20260814,NOT_ACQUIRED,OUTSIDE_PREDECLARED_GEOGRAPHIC_GAP_RULE
CO2,HFD6419,0154-6419-1001-02-01-6051,True,True,True,True,False,False,Heathfield,6419,UNITED KINGDOM,0-20008-0-HFD,NPL,50.976667,0.230556,160,REGION VI (Europe),GAW Regional,fixed station,Operational,NPL,co2 ch4 n2o sf6 13ch4 ch3d co 222rn,EXCLUDED,OUTSIDE_PREDECLARED_GEOGRAPHIC_GAP_RULE,global_cohort_v1_gap_rule_20260814,NOT_ACQUIRED,OUTSIDE_PREDECLARED_GEOGRAPHIC_GAP_RULE
CO2,JUE6421,0162-6421-1001-02-01-6051,True,False,True,True,False,False,Jülich,6421,GERMANY,0-20008-0-JUE,ICOS,50.910197,6.409614,98,REGION VI (Europe),GAW Regional,fixed station,Operational,ICOS,co2 ch4 n2o co,EXCLUDED,OUTSIDE_PREDECLARED_GEOGRAPHIC_GAP_RULE,global_cohort_v1_gap_rule_20260814,NOT_ACQUIRED,OUTSIDE_PREDECLARED_GEOGRAPHIC_GAP_RULE
CO2,BRA4218,0020-4218-1001-01-01-9999,True,False,True,True,False,False,Bratt's Lake,4218,CANADA,0-20008-0-BRA,ECCC,50.201631,-104.711259,580,REGION IV (North and Central America),GAW Regional,fixed station,Operational,ECCC,co2 ch4,EXCLUDED,OUTSIDE_PREDECLARED_GEOGRAPHIC_GAP_RULE,global_cohort_v1_gap_rule_20260814,NOT_ACQUIRED,OUTSIDE_PREDECLARED_GEOGRAPHIC_GAP_RULE
CO2,OXK6022,0002-6022-1001-01-02-3001,True,True,False,False,False,False,Ochsenkopf,6022,GERMANY,0-20008-0-OXK,NOAA,50.0301,11.8084,1185,REGION VI (Europe),GAW Contributing networks,fixed station,Operational,NOAA ICOS,co2 ch4 n2o sf6 13co2 c18o2 co h2,EXCLUDED,NOT_HOURLY,global_cohort_v1_gap_rule_20260814,NOT_ACQUIRED,NOT_HOURLY
CO2,FSD4011,0020-4011-1001-01-01-9999,True,False,True,True,False,False,Fraserdale,4011,CANADA,0-20008-0-FSD,ECCC,49.8400001526,-81.5166702271,210,REGION IV (North and Central America),GAW Regional,fixed station,Operational,ECCC,co2 ch4 13co2 c18o2 co,EXCLUDED,OUTSIDE_PREDECLARED_GEOGRAPHIC_GAP_RULE,global_cohort_v1_gap_rule_20260814,NOT_ACQUIRED,OUTSIDE_PREDECLARED_GEOGRAPHIC_GAP_RULE
CO2,CPS4245,0020-4245-1001-01-01-9999,True,False,True,True,False,False,Chapais,4245,CANADA,0-20008-0-CPS,ECCC,49.821583,-74.974551,383,REGION IV (North and Central America),GAW Regional,fixed station,Operational,ECCC,co2 ch4,EXCLUDED,OUTSIDE_PREDECLARED_GEOGRAPHIC_GAP_RULE,global_cohort_v1_gap_rule_20260814,NOT_ACQUIRED,OUTSIDE_PREDECLARED_GEOGRAPHIC_GAP_RULE
CO2,DEU6023,,False,False,True,True,False,True,Deuselbach,6023,GERMANY,0-20008-0-DEU,UBAG,49.7666664124,7.0500001907,480,REGION VI (Europe),GAW Other elements,fixed station,Closed,UBAG,co2 ch4,EXCLUDED,AUTHENTICATION_REQUIRED_OR_LOCKED,global_cohort_v1_gap_rule_20260814,NOT_ACQUIRED,AUTHENTICATION_REQUIRED_OR_LOCKED
CO2,CHM4012,0020-4012-1001-01-01-9999,True,False,True,True,False,False,Chibougamau,4012,CANADA,0-20008-0-CHM,ECCC,49.69251,-74.342296,383,REGION IV (North and Central America),GAW Regional,fixed station,Closed,ECCC,co2 ch4 co,EXCLUDED,CLOSED_OR_NON_REPORTING,global_cohort_v1_gap_rule_20260814,NOT_ACQUIRED,CLOSED_OR_NON_REPORTING
CO2,KRE6379,0162-6379-1001-02-01-6011,True,False,True,True,False,False,Kresin u Pacova,6379,CZECH REPUBLIC,0-20008-0-KRE,ICOS,49.58333,15.08333,534,REGION VI (Europe),GAW Contributing networks,fixed station,Operational,ICOS,co2 ch4 n2o co,EXCLUDED,OUTSIDE_PREDECLARED_GEOGRAPHIC_GAP_RULE,global_cohort_v1_gap_rule_20260814,NOT_ACQUIRED,OUTSIDE_PREDECLARED_GEOGRAPHIC_GAP_RULE
CO2,ESP4013,0016-4013-1001-01-02-9999,True,True,False,False,False,False,Estevan Point,4013,CANADA,0-20008-0-ESP,CSIRO,49.382935,-126.544097,7,REGION IV (North and Central America),GAW Regional,fixed station,Operational,CSIRO ECCC,co2 ch4 n2o 13co2 c18o2 co h2,EXCLUDED,NOT_HOURLY,global_cohort_v1_gap_rule_20260814,NOT_ACQUIRED,NOT_HOURLY
CO2,KAS6445,0163-6445-1001-01-01-9999,True,True,True,True,False,False,Kasprowy Wierch,6445,POLAND,0-616-0-KAS,AGH,49.2325,19.9818,1989,REGION VI (Europe),GAW Regional,fixed station,Operational,AGH,co2 ch4 co,EXCLUDED,OUTSIDE_PREDECLARED_GEOGRAPHIC_GAP_RULE,global_cohort_v1_gap_rule_20260814,NOT_ACQUIRED,OUTSIDE_PREDECLARED_GEOGRAPHIC_GAP_RULE
CO2,KIT6084,0162-6084-1001-02-01-6031,True,False,True,True,False,False,Karlsruhe,6084,GERMANY,0-20008-0-KIT,ICOS,49.0999984741,8.4379997253,111,REGION VI (Europe),GAW Contributing networks,fixed station,Operational,ICOS,co2 ch4 n2o co,EXCLUDED,OUTSIDE_PREDECLARED_GEOGRAPHIC_GAP_RULE,global_cohort_v1_gap_rule_20260814,NOT_ACQUIRED,OUTSIDE_PREDECLARED_GEOGRAPHIC_GAP_RULE
CO2,BRT6025,,False,False,True,True,False,True,Brotjacklriegel,6025,GERMANY,0-20008-0-BRT,UBAG,48.8166656494,13.2166662216,1016,REGION VI (Europe),GAW Other elements,fixed station,Closed,UBAG,co2,EXCLUDED,AUTHENTICATION_REQUIRED_OR_LOCKED,global_cohort_v1_gap_rule_20260814,NOT_ACQUIRED,AUTHENTICATION_REQUIRED_OR_LOCKED
CO2,LPO6026,,False,True,False,False,False,False,Ile Grande,6026,FRANCE,0-20008-0-LPO,LSCE,48.8036003113,-3.5838999748,20,REGION VI (Europe),GAW Other elements,fixed station,Non-reporting,LSCE,co2 ch4,EXCLUDED,NOT_HOURLY,global_cohort_v1_gap_rule_20260814,NOT_ACQUIRED,NOT_HOURLY
CO2,SAC6423,0162-6423-1001-02-01-6016,True,False,True,True,False,False,Saclay,6423,FRANCE,0-250-0-SAC,ICOS,48.7227,2.142,160,REGION VI (Europe),GAW Contributing networks,fixed station,Operational,ICOS,co2 ch4 n2o co,EXCLUDED,OUTSIDE_PREDECLARED_GEOGRAPHIC_GAP_RULE,global_cohort_v1_gap_rule_20260814,NOT_ACQUIRED,OUTSIDE_PREDECLARED_GEOGRAPHIC_GAP_RULE
CO2,OPE6437,0162-6437-1001-02-01-6011,True,False,True,True,False,False,Observatoire Pérenne de l'Environnement,6437,FRANCE,0-250-0-OPE,ICOS,48.5619,5.5036,390,REGION VI (Europe),GAW Regional,fixed station,Operational,ICOS,co2 ch4 n2o co,EXCLUDED,OUTSIDE_PREDECLARED_GEOGRAPHIC_GAP_RULE,global_cohort_v1_gap_rule_20260814,NOT_ACQUIRED,OUTSIDE_PREDECLARED_GEOGRAPHIC_GAP_RULE
CO2,OPW4014,0002-4014-1001-01-02-3001,True,True,False,False,False,False,Olympic Peninsula (WA),4014,UNITED STATES,0-20008-0-OPW,NOAA,48.25,-124.4199981689,488,REGION IV (North and Central America),GAW Regional,fixed station,Closed,NOAA,co2 ch4,EXCLUDED,NOT_HOURLY,global_cohort_v1_gap_rule_20260814,NOT_ACQUIRED,NOT_HOURLY
CO2,TRN6232,0162-6232-1001-02-01-6006,True,False,True,True,False,False,Trainou (Orléans),6232,FRANCE,0-20008-0-TRN,ICOS,47.9646987915,2.1124999523,131,REGION VI (Europe),GAW Contributing networks,fixed station,Operational,ICOS,co2 ch4 n2o co,EXCLUDED,OUTSIDE_PREDECLARED_GEOGRAPHIC_GAP_RULE,global_cohort_v1_gap_rule_20260814,NOT_ACQUIRED,OUTSIDE_PREDECLARED_GEOGRAPHIC_GAP_RULE
CO2,SSL6027,0071-6027-1001-01-01-9998,True,False,True,True,False,True,Schauinsland,6027,GERMANY,0-20008-0-SSL,UBAG,47.9000015259,7.9166665077,1205,REGION VI (Europe),GAW Regional,fixed station,Operational,UBAG ICOS,co2 ch4 n2o sf6 co,EXCLUDED,OUTSIDE_PREDECLARED_GEOGRAPHIC_GAP_RULE,global_cohort_v1_gap_rule_20260814,NOT_ACQUIRED,OUTSIDE_PREDECLARED_GEOGRAPHIC_GAP_RULE
CO2,HPB6028,0002-6028-1001-01-02-3001,True,True,False,False,False,False,Hohenpeissenberg,6028,GERMANY,0-20008-0-HPB,NOAA,47.8014984131,11.0096197128,985,REGION VI (Europe),GAW Global,fixed station,Operational,NOAA DWD ICOS,co2 ch4 n2o sf6 13co2 c18o2 co h2 222rn,EXCLUDED,NOT_HOURLY,global_cohort_v1_gap_rule_20260814,NOT_ACQUIRED,NOT_HOURLY
CO2,WNK6029,,False,False,True,True,False,False,Wank,6029,GERMANY,0-20008-0-WNK,IMKIFU,47.509322,11.1426503,1780,REGION VI (Europe),GAW Other elements,fixed station,Closed,IMKIFU,co2,EXCLUDED,AUTHENTICATION_REQUIRED_OR_LOCKED,global_cohort_v1_gap_rule_20260814,NOT_ACQUIRED,AUTHENTICATION_REQUIRED_OR_LOCKED
CO2,ZUG6030,,False,False,False,True,False,False,Zugspitze-Gipfel,6030,GERMANY,0-20008-0-ZUG,IMKIFU,47.421075,10.985896,2962,REGION VI (Europe),GAW Global,fixed station,Operational,IMKIFU UBAG,co2 ch4 co,EXCLUDED,NOT_HOURLY,global_cohort_v1_gap_rule_20260814,NOT_ACQUIRED,NOT_HOURLY
CO2,ZSF6031,0071-6031-1001-01-01-9999,True,False,True,True,False,True,Zugspitze-Schneefernerhaus,6031,GERMANY,0-20008-0-ZSF,UBAG,47.4165,10.97964,2666,REGION VI (Europe),GAW Global,fixed station,Operational,DWD UBAG ICOS,co2 ch4 n2o sf6 co 222rn 7be,SELECTED_FOR_ACQUISITION,Operational hourly accessible product; global or geographic-gap rule,global_cohort_v1_gap_rule_20260814,FINAL_COHORT,passes chosen coverage rule
CO2,SNB6032,0072-6032-1001-01-01-9999,True,False,True,True,False,False,SONNBLICK Observatory,6032,AUSTRIA,0-20000-0-11343,UBAA,47.054018786,12.9576927483,3106,REGION VI (Europe),GAW Global,fixed station,Operational,UBAA,co2 ch4 co,SELECTED_FOR_ACQUISITION,Operational hourly accessible product; global or geographic-gap rule,global_cohort_v1_gap_rule_20260814,FINAL_COHORT,passes chosen coverage rule
CO2,KPS6033,0028-6033-1001-01-01-9999,True,False,True,True,False,False,Kecskemét K-puszta háttérszennyettség-mérő állomás,6033,HUNGARY,0-348-4-46316,HMS,46.9666671753,19.5833339691,125,REGION VI (Europe),GAW Regional,fixed station,Operational,HMS,co2,EXCLUDED,OUTSIDE_PREDECLARED_GEOGRAPHIC_GAP_RULE,global_cohort_v1_gap_rule_20260814,NOT_ACQUIRED,OUTSIDE_PREDECLARED_GEOGRAPHIC_GAP_RULE
CO2,HUN6034,0002-6034-1001-01-02-3001,True,True,False,False,False,False,Hegyhátsál háttérszennyettség-mérő állomás,6034,HUNGARY,0-348-4-16307,NOAA,46.9559,16.6521,248,REGION VI (Europe),GAW Regional,fixed station,Operational,NOAA ATOMKI ICOS,co2 ch4 n2o sf6 13co2 c18o2 co h2,EXCLUDED,NOT_HOURLY,global_cohort_v1_gap_rule_20260814,NOT_ACQUIRED,NOT_HOURLY
CO2,JFJ6036,0023-6036-1001-01-01-9999,True,False,True,True,False,True,Jungfraujoch,6036,SWITZERLAND,0-20008-0-JFJ,Empa,46.5474891663,7.9850897789,3580,REGION VI (Europe),GAW Global,fixed station,Operational,AGAGE Empa KUP ICOS,co2 ch4 n2o sf6 so2f2 nf3 ccl4 ch3ccl3 cfc113 cfc12 cfc11 cfc115 cfc114 cfc13 hcfc141b hcfc142b hcfc22 hcfc124 hcfc132b hcfc133a hfc125 hfc23 hfc152a hfc236fa hfc245fa hfc227ea hfc365mfc hfc134a hfc143a hfc32 hfc4310mee pfc116 pfc218 pfc14 pfc318 cbrclf2 cbrf3 c2br2f4 co chcl3 ch3cl ch2cl2 ch3br c2hcl3 c2cl4,SELECTED_FOR_ACQUISITION,Operational hourly accessible product; global or geographic-gap rule,global_cohort_v1_gap_rule_20260814,FINAL_COHORT,passes chosen coverage rule
CO2,PRS6039,,False,False,True,True,False,False,Plateau Rosa,6039,ITALY,0-20008-0-PRS,RSE,45.9353408813,7.7073101997,3480,REGION VI (Europe),GAW Regional,fixed station,Operational,RSE ICOS,co2 ch4 co,EXCLUDED,AUTHENTICATION_REQUIRED_OR_LOCKED,global_cohort_v1_gap_rule_20260814,NOT_ACQUIRED,AUTHENTICATION_REQUIRED_OR_LOCKED
CO2,LEF4015,0002-4015-1001-01-02-3001,True,True,False,False,False,False,Park Falls (WI),4015,UNITED STATES,0-20008-0-LEF,NOAA,45.9300003052,-90.2699966431,868,REGION IV (North and Central America),GAW Regional,fixed station,Operational,NOAA,co2 ch4 n2o sf6 13co2 c18o2 ccl4 ch3ccl3 cfc113 cfc12 cfc11 hcfc141b hcfc142b hcfc22 hfc125 hfc152a hfc227ea hfc365mfc hfc134a hfc143a hfc32 cbrclf2 cbrf3 c2br2f4 co ch3cl ch2cl2 ch3br c2cl4 h2,EXCLUDED,NOT_HOURLY,global_cohort_v1_gap_rule_20260814,NOT_ACQUIRED,NOT_HOURLY
CO2,IPR6272,0162-6272-1001-02-01-6041,True,False,True,True,False,False,Ispra,6272,ITALY,0-20008-0-IPR,ICOS,45.8030014038,8.626999855,209,REGION VI (Europe),GAW Regional,fixed station,Operational,ICOS,co2 ch4 n2o co,EXCLUDED,OUTSIDE_PREDECLARED_GEOGRAPHIC_GAP_RULE,global_cohort_v1_gap_rule_20260814,NOT_ACQUIRED,OUTSIDE_PREDECLARED_GEOGRAPHIC_GAP_RULE
CO2,PUY6040,,False,False,True,True,False,False,Puy de Dôme,6040,FRANCE,0-20008-0-PUY,LSCE,45.7723,2.9658,1465,REGION VI (Europe),GAW Global,fixed station,Operational,LAMP LSCE ICOS,co2 ch4 n2o co,EXCLUDED,AUTHENTICATION_REQUIRED_OR_LOCKED,global_cohort_v1_gap_rule_20260814,NOT_ACQUIRED,AUTHENTICATION_REQUIRED_OR_LOCKED
CO2,FDT6041,0058-6041-1001-01-01-9999,True,False,True,True,False,False,Fundata,6041,ROMANIA,0-20008-0-FDT,INMH,45.43147039,25.2715382709,1384,REGION VI (Europe),GAW Regional,fixed station,Operational,INMH,co2,EXCLUDED,OUTSIDE_PREDECLARED_GEOGRAPHIC_GAP_RULE,global_cohort_v1_gap_rule_20260814,NOT_ACQUIRED,OUTSIDE_PREDECLARED_GEOGRAPHIC_GAP_RULE
CO2,CMO4016,0002-4016-1001-01-02-3001,True,True,False,False,False,False,Cape Meares (OR),4016,UNITED STATES,0-20008-0-CMO,NOAA,45,-124,30,REGION IV (North and Central America),GAW Regional,fixed station,Closed,NOAA AGAGE,co2 ch4 n2o 13co2 c18o2 ccl4 ch3ccl3 cfc113 cfc12 cfc11 co,EXCLUDED,NOT_HOURLY,global_cohort_v1_gap_rule_20260814,NOT_ACQUIRED,NOT_HOURLY
CO2,KZD2005,0002-2005-1001-01-02-3001,True,True,False,False,False,False,Sary Taukum,2005,KAZAKHSTAN,0-20008-0-KZD,NOAA,44.4500007629,77.5699996948,412,REGION II (Asia),GAW Regional,fixed station,Non-reporting,NOAA,co2 ch4 n2o sf6 13co2 c18o2 co,EXCLUDED,NOT_HOURLY,global_cohort_v1_gap_rule_20260814,NOT_ACQUIRED,NOT_HOURLY
CO2,UUM2004,0002-2004-1001-01-02-3001,True,True,False,False,False,False,Ulaan Uul,2004,MONGOLIA,0-20008-0-UUM,NOAA,44.444,111.0861,992,REGION II (Asia),GAW Regional,fixed station,Operational,NOAA,co2 ch4 n2o sf6 13co2 c18o2 co h2,EXCLUDED,NOT_HOURLY,global_cohort_v1_gap_rule_20260814,NOT_ACQUIRED,NOT_HOURLY
CO2,EGB4018,0020-4018-1001-01-01-9999,True,False,True,True,False,False,Egbert,4018,CANADA,0-20008-0-EGB,ECCC,44.231006,-79.783839,255,REGION IV (North and Central America),GAW Regional,fixed station,Operational,ECCC,co2 ch4 co,EXCLUDED,OUTSIDE_PREDECLARED_GEOGRAPHIC_GAP_RULE,global_cohort_v1_gap_rule_20260814,NOT_ACQUIRED,OUTSIDE_PREDECLARED_GEOGRAPHIC_GAP_RULE
CO2,CMN6042,0029-6042-1001-01-01-9999,True,False,True,True,False,True,Monte Cimone,6042,ITALY,0-20008-0-CMN,IAFMS,44.193425,10.700963,2165,REGION VI (Europe),GAW Global,fixed station,Operational,AGAGE IAFMS ISAC UNIURB ICOS,co2 ch4 n2o sf6 so2f2 nf3 ccl4 ch3ccl3 cfc12 cfc11 cfc115 cfc114 cfc13 hcfc141b hcfc142b hcfc22 hcfc124 hcfc132b hcfc133a hfc125 hfc23 hfc152a hfc236fa hfc245fa hfc227ea hfc365mfc hfc134a hfc143a hfc32 hfc4310mee pfc116 pfc218 pfc14 pfc318 cbrclf2 cbrf3 c2br2f4 co chcl3 ch3cl ch2cl2 ch3br c2cl4 h2,SELECTED_FOR_ACQUISITION,Operational hourly accessible product; global or geographic-gap rule,global_cohort_v1_gap_rule_20260814,FINAL_COHORT,passes chosen coverage rule
CO2,BSC6043,0002-6043-1001-01-02-3001,True,True,False,False,False,False,Constanta (Black Sea),6043,ROMANIA,0-20008-0-BSC,NOAA,44.1699981689,28.6800003052,3,REGION VI (Europe),GAW Regional,fixed station,Non-reporting,NOAA,co2 ch4 n2o sf6 13co2 c18o2 co h2,EXCLUDED,NOT_HOURLY,global_cohort_v1_gap_rule_20260814,NOT_ACQUIRED,NOT_HOURLY
CO2,WSA4019,0020-4019-1001-01-01-9999,True,False,True,True,False,False,Sable Island,4019,CANADA,0-20008-0-WSA,ECCC,43.932638,-60.008608,2,REGION IV (North and Central America),GAW Regional,fixed station,Operational,ECCC,co2 ch4 n2o 13co2 c18o2 co,EXCLUDED,OUTSIDE_PREDECLARED_GEOGRAPHIC_GAP_RULE,global_cohort_v1_gap_rule_20260814,NOT_ACQUIRED,OUTSIDE_PREDECLARED_GEOGRAPHIC_GAP_RULE
CO2,KZM2007,0002-2007-1001-01-02-3001,True,True,False,False,False,False,Plateau Assy,2007,KAZAKHSTAN,0-20008-0-KZM,NOAA,43.25,77.8799972534,2519,REGION II (Asia),GAW Regional,fixed station,Non-reporting,NOAA,co2 ch4 n2o sf6 13co2 c18o2 co,EXCLUDED,NOT_HOURLY,global_cohort_v1_gap_rule_20260814,NOT_ACQUIRED,NOT_HOURLY
CO2,COI2008,0053-2008-1001-01-01-9999,True,False,True,True,False,False,Cape Ochiishi,2008,JAPAN,0-20008-0-COI,NIES,43.16028,145.49739,42.4,REGION II (Asia),GAW Contributing networks,fixed station,Operational,NIES,co2 ch4 n2o sf6 cfc11 hcfc141b hcfc142b hcfc22 hfc23 hfc152a hfc134a hfc32,EXCLUDED,OUTSIDE_PREDECLARED_GEOGRAPHIC_GAP_RULE,global_cohort_v1_gap_rule_20260814,NOT_ACQUIRED,OUTSIDE_PREDECLARED_GEOGRAPHIC_GAP_RULE
CO2,PDM6044,,False,True,False,False,False,False,Pic du Midi,6044,FRANCE,0-20008-0-PDM,LSCE,42.9371986389,0.1411000043,2877,REGION VI (Europe),GAW Regional,fixed station,Operational,LA LSCE,co2 ch4 co,EXCLUDED,NOT_HOURLY,global_cohort_v1_gap_rule_20260814,NOT_ACQUIRED,NOT_HOURLY
CO2,CPA2157,0155-2157-1001-01-01-9999,True,False,True,True,False,False,Cholpon-Ata,2157,KYRGYZSTAN,0-417-0-CPA,Kyrgyzhydromet,42.6369,77.0675,1613,REGION II (Asia),GAW Regional,fixed station,Operational,Kyrgyzhydromet,co2 ch4 co,EXCLUDED,OUTSIDE_PREDECLARED_GEOGRAPHIC_GAP_RULE,global_cohort_v1_gap_rule_20260814,NOT_ACQUIRED,OUTSIDE_PREDECLARED_GEOGRAPHIC_GAP_RULE
CO2,ISK2009,0041-2009-1001-01-08-9999,True,False,False,True,False,False,Issyk-Kul,2009,KYRGYZSTAN,0-20008-0-ISK,KSNU,42.6166648865,76.9833297729,1640,REGION II (Asia),GAW Regional,fixed station,Operational,KSNU,co2 ch4,EXCLUDED,NOT_HOURLY,global_cohort_v1_gap_rule_20260814,NOT_ACQUIRED,NOT_HOURLY
CO2,BEO6045,,False,False,True,True,False,True,BEO Moussala,6045,BULGARIA,0-20008-0-BEO,INRNE,42.1791992188,23.5855998993,2925,REGION VI (Europe),GAW Regional,fixed station,Operational,INRNE,co2 co,EXCLUDED,AUTHENTICATION_REQUIRED_OR_LOCKED,global_cohort_v1_gap_rule_20260814,NOT_ACQUIRED,AUTHENTICATION_REQUIRED_OR_LOCKED
CO2,BGU6046,,False,True,False,False,False,False,Begur,6046,SPAIN,0-20008-0-BGU,LSCE,41.9700012207,3.2300000191,13,REGION VI (Europe),GAW Other elements,fixed station,Non-reporting,LSCE,co2 ch4,EXCLUDED,NOT_HOURLY,global_cohort_v1_gap_rule_20260814,NOT_ACQUIRED,NOT_HOURLY
CO2,THD4022,0002-4022-1001-01-02-3001,True,True,False,False,False,False,Trinidad Head (CA),4022,UNITED STATES,0-20008-0-THD,NOAA,41.0541000366,-124.1510009766,107,REGION IV (North and Central America),GAW Regional,fixed station,Operational,NOAA AGAGE,co2 ch4 n2o sf6 so2f2 nf3 13co2 c18o2 ccl4 ch3ccl3 cfc113 cfc12 cfc11 cfc115 cfc114 cfc13 hcfc141b hcfc142b hcfc22 hcfc124 hcfc132b hcfc133a hfc125 hfc23 hfc152a hfc236fa hfc245fa hfc227ea hfc365mfc hfc134a hfc143a hfc32 hfc4310mee pfc116 pfc218 pfc14 pfc318 cbrclf2 cbrf3 c2br2f4 co chcl3 ch3cl ch2cl2 ch3br c2cl4 h2,EXCLUDED,NOT_HOURLY,global_cohort_v1_gap_rule_20260814,NOT_ACQUIRED,NOT_HOURLY
CO2,KYZ2010,,False,True,False,False,False,False,Kyzylcha,2010,UZBEKISTAN,0-20008-0-KYZ,MGO,40.8699989319,66.1500015259,340,REGION II (Asia),GAW Regional,fixed station,Closed,MGO,co2,EXCLUDED,NOT_HOURLY,global_cohort_v1_gap_rule_20260814,NOT_ACQUIRED,NOT_HOURLY
CO2,SDZ2011,0002-2011-1001-01-02-3001,True,True,False,False,False,False,Shangdianzi,2011,CHINA,0-20008-0-SDZ,NOAA,40.6500015259,117.1166000366,287,REGION II (Asia),GAW Regional,fixed station,Operational,NOAA,co2 ch4 n2o sf6 13co2 c18o2 co h2,EXCLUDED,NOT_HOURLY,global_cohort_v1_gap_rule_20260814,NOT_ACQUIRED,NOT_HOURLY
CO2,ECO6055,,False,False,True,True,False,False,Lecce Environmental-Climate Observatory,6055,ITALY,0-20008-0-ECO,ISAC,40.3358,18.1245,36,REGION VI (Europe),GAW Regional,fixed station,Operational,ISAC,co2 ch4 co,EXCLUDED,AUTHENTICATION_REQUIRED_OR_LOCKED,global_cohort_v1_gap_rule_20260814,NOT_ACQUIRED,AUTHENTICATION_REQUIRED_OR_LOCKED
CO2,NWR4023,0002-4023-1001-01-02-3001,True,True,False,False,False,False,Niwot Ridge - T-van (CO),4023,UNITED STATES,0-20008-0-NWR,NOAA,40.0499992371,-105.5899963379,3523,REGION IV (North and Central America),GAW Regional,fixed station,Operational,NOAA,co2 ch4 n2o sf6 13ch4 13co2 c18o2 ccl4 ch3ccl3 cfc113 cfc12 cfc11 hcfc141b hcfc142b hcfc22 hfc125 hfc152a hfc227ea hfc365mfc hfc134a hfc143a hfc32 cbrclf2 cbrf3 c2br2f4 co ch3cl ch2cl2 ch3br c2cl4 h2 14co2,EXCLUDED,NOT_HOURLY,global_cohort_v1_gap_rule_20260814,NOT_ACQUIRED,NOT_HOURLY
CO2,UTA4024,0002-4024-1001-01-02-3001,True,True,False,False,False,False,Wendover (UT),4024,UNITED STATES,0-20008-0-UTA,NOAA,39.9000015259,-113.7200012207,1320,REGION IV (North and Central America),GAW Regional,fixed station,Operational,NOAA,co2 ch4 n2o sf6 13co2 c18o2 co h2,EXCLUDED,NOT_HOURLY,global_cohort_v1_gap_rule_20260814,NOT_ACQUIRED,NOT_HOURLY
CO2,CUR6056,,False,False,True,False,False,False,Monte Curcio,6056,ITALY,0-20008-0-CUR,IIA,39.315972,16.42325,1796,REGION VI (Europe),GAW Regional,fixed station,Operational,IIA,co2 ch4 co,EXCLUDED,AUTHENTICATION_REQUIRED_OR_LOCKED,global_cohort_v1_gap_rule_20260814,NOT_ACQUIRED,AUTHENTICATION_REQUIRED_OR_LOCKED
CO2,RYO2012,0001-2012-1001-01-01-9999,True,False,True,True,False,True,Ryori,2012,JAPAN,0-20008-0-RYO,JMA,39.0319,141.8222,260,REGION II (Asia),GAW Regional,fixed station,Operational,JMA AIST MRI,co2 ch4 n2o ccl4 ch3ccl3 cfc113 cfc12 cfc11 co 222rn o2n2,EXCLUDED,OUTSIDE_PREDECLARED_GEOGRAPHIC_GAP_RULE,global_cohort_v1_gap_rule_20260814,NOT_ACQUIRED,OUTSIDE_PREDECLARED_GEOGRAPHIC_GAP_RULE
CO2,PTA4025,0002-4025-1001-01-02-3001,True,True,False,False,False,False,Point Arena (CA),4025,UNITED STATES,0-20008-0-PTA,NOAA,38.9500007629,-123.7300033569,17,REGION IV (North and Central America),GAW Regional,fixed station,Non-reporting,NOAA,co2 ch4 n2o sf6 13co2 c18o2 co h2,EXCLUDED,NOT_HOURLY,global_cohort_v1_gap_rule_20260814,NOT_ACQUIRED,NOT_HOURLY
CO2,LMT6054,,False,False,True,True,False,True,Lamezia Terme,6054,ITALY,0-20008-0-LMT,ISAC,38.8763,16.2322,6,REGION VI (Europe),GAW Regional,fixed station,Operational,ISAC,co2 ch4 co,EXCLUDED,AUTHENTICATION_REQUIRED_OR_LOCKED,global_cohort_v1_gap_rule_20260814,NOT_ACQUIRED,AUTHENTICATION_REQUIRED_OR_LOCKED
CO2,AZR6047,0002-6047-1001-01-02-3001,True,True,False,False,False,False,Serreta (Terceira),6047,PORTUGAL,0-20008-0-AZR,NOAA,38.7700004578,-27.3799991608,40,REGION VI (Europe),GAW Regional,fixed station,Operational,NOAA,co2 ch4 n2o sf6 13ch4 13co2 c18o2 co h2,EXCLUDED,NOT_HOURLY,global_cohort_v1_gap_rule_20260814,NOT_ACQUIRED,NOT_HOURLY
CO2,MDN6418,,False,True,False,False,False,True,Madonie - Piano Battaglia,6418,ITALY,0-380-0-MDN,ENEA,37.880311,14.025635,1650,REGION VI (Europe),GAW Regional,fixed station,Operational,ENEA,co2 ch4,EXCLUDED,NOT_HOURLY,global_cohort_v1_gap_rule_20260814,NOT_ACQUIRED,NOT_HOURLY
CO2,CGR6048,0037-6048-1001-01-01-9999,True,False,True,True,False,False,Capo Granitola,6048,ITALY,0-20008-0-CGR,ISAC,37.571111,12.659722,5,REGION VI (Europe),GAW Regional,fixed station,Operational,ISAC,co2 ch4 co,EXCLUDED,OUTSIDE_PREDECLARED_GEOGRAPHIC_GAP_RULE,global_cohort_v1_gap_rule_20260814,NOT_ACQUIRED,OUTSIDE_PREDECLARED_GEOGRAPHIC_GAP_RULE
CO2,ULD2159,,False,False,True,True,False,True,Ulleungdo,2159,"KOREA, REPUBLIC OF",0-410-0-ULD,KMA,37.48,130.9,220.9,REGION II (Asia),GAW Regional,fixed station,Operational,KMA,co2 ch4 n2o sf6,EXCLUDED,AUTHENTICATION_REQUIRED_OR_LOCKED,global_cohort_v1_gap_rule_20260814,NOT_ACQUIRED,AUTHENTICATION_REQUIRED_OR_LOCKED
CO2,TAP2013,0002-2013-1001-01-02-3001,True,True,False,False,False,False,Tae-ahn Peninsula,2013,"KOREA, REPUBLIC OF",0-20008-0-TAP,NOAA,36.7299995422,126.1299972534,20,REGION II (Asia),GAW Regional,fixed station,Operational,NOAA,co2 ch4 n2o sf6 13ch4 13co2 c18o2 co h2,EXCLUDED,NOT_HOURLY,global_cohort_v1_gap_rule_20260814,NOT_ACQUIRED,NOT_HOURLY
CO2,SGP4026,0002-4026-1001-01-02-3001,True,True,False,False,False,False,Southern Great Plains E13 (OK),4026,UNITED STATES,0-20008-0-SGP,NOAA,36.5999984741,-97.5,318,REGION IV (North and Central America),GAW Contributing networks,fixed station,Operational,NOAA,co2 ch4 n2o sf6 13co2 c18o2 co h2,EXCLUDED,NOT_HOURLY,global_cohort_v1_gap_rule_20260814,NOT_ACQUIRED,NOT_HOURLY
CO2,AMY2014,0002-2014-1001-01-02-3001,True,True,False,False,False,False,Anmyeon-do,2014,"KOREA, REPUBLIC OF",0-20008-0-AMY,NOAA,36.5386,126.33,42,REGION II (Asia),GAW Regional,fixed station,Operational,NOAA KMA,co2 ch4 n2o sf6 13ch4 cfc113 cfc12 cfc11 hfc125 hfc143a hfc32 cbrf3 co h2,EXCLUDED,NOT_HOURLY,global_cohort_v1_gap_rule_20260814,NOT_ACQUIRED,NOT_HOURLY
CO2,WLG2015,0002-2015-1001-01-02-3001,True,True,False,False,False,False,Mt. Waliguan,2015,CHINA,0-20008-0-WLG,NOAA,36.2874984741,100.8963012695,3810,REGION II (Asia),GAW Global,fixed station,Operational,NOAA CMA,co2 ch4 n2o sf6 13ch4 13co2 c18o2 co h2,EXCLUDED,NOT_HOURLY,global_cohort_v1_gap_rule_20260814,NOT_ACQUIRED,NOT_HOURLY
CO2,TKY2016,,False,False,True,True,False,False,Takayama,2016,JAPAN,0-20008-0-TKY,AIST,36.14616667,137.4231111,1420,REGION II (Asia),GAW Other elements,fixed station,Operational,AIST,co2,EXCLUDED,AUTHENTICATION_REQUIRED_OR_LOCKED,global_cohort_v1_gap_rule_20260814,NOT_ACQUIRED,AUTHENTICATION_REQUIRED_OR_LOCKED
CO2,KIS2017,0065-2017-1001-01-01-9999,True,False,True,True,False,True,Kisai,2017,JAPAN,0-20008-0-KIS,SAIPF,36.084519,139.560514,14,REGION II (Asia),GAW Other elements,fixed station,Operational,SAIPF,co2,EXCLUDED,OUTSIDE_PREDECLARED_GEOGRAPHIC_GAP_RULE,global_cohort_v1_gap_rule_20260814,NOT_ACQUIRED,OUTSIDE_PREDECLARED_GEOGRAPHIC_GAP_RULE
CO2,GLH6049,,False,False,True,True,False,True,Giordan Lighthouse,6049,MALTA,0-20008-0-GLH,UMLT,36.0722,14.2184,167,REGION VI (Europe),GAW Regional,fixed station,Operational,UMLT,co2 ch4 co 222rn,EXCLUDED,AUTHENTICATION_REQUIRED_OR_LOCKED,global_cohort_v1_gap_rule_20260814,NOT_ACQUIRED,AUTHENTICATION_REQUIRED_OR_LOCKED
CO2,TKB2018,0048-2018-1001-02-01-6002,True,False,True,True,False,True,Tateno (Tsukuba),2018,JAPAN,0-20008-0-TKB,MRI,36.0581,140.1258,25.2,REGION II (Asia),GAW Regional,fixed station,Operational,MRI,co2 ch4,EXCLUDED,OUTSIDE_PREDECLARED_GEOGRAPHIC_GAP_RULE,global_cohort_v1_gap_rule_20260814,NOT_ACQUIRED,OUTSIDE_PREDECLARED_GEOGRAPHIC_GAP_RULE
CO2,GOZ6050,0002-6050-1001-01-02-3001,True,True,False,False,False,False,Dwejra Point,6050,MALTA,0-20008-0-GOZ,NOAA,36.0499992371,14.1800003052,30,REGION VI (Europe),GAW Regional,fixed station,Closed,NOAA,co2 ch4 13co2 c18o2 co,EXCLUDED,NOT_HOURLY,global_cohort_v1_gap_rule_20260814,NOT_ACQUIRED,NOT_HOURLY
CO2,DDR2019,0065-2019-1001-01-01-9999,True,False,True,True,False,True,Mt. Dodaira,2019,JAPAN,0-20008-0-DDR,SAIPF,36.000275,139.186386,832,REGION II (Asia),GAW Other elements,fixed station,Operational,SAIPF,co2,EXCLUDED,OUTSIDE_PREDECLARED_GEOGRAPHIC_GAP_RULE,global_cohort_v1_gap_rule_20260814,NOT_ACQUIRED,OUTSIDE_PREDECLARED_GEOGRAPHIC_GAP_RULE
CO2,URW2020,0065-2020-1001-01-01-9999,True,False,True,True,False,True,Urawa,2020,JAPAN,0-20008-0-URW,SAIPF,35.868361,139.612889,8,REGION II (Asia),GAW Other elements,fixed station,Closed,SAIPF,co2,EXCLUDED,CLOSED_OR_NON_REPORTING,global_cohort_v1_gap_rule_20260814,NOT_ACQUIRED,CLOSED_OR_NON_REPORTING
CO2,LMP6051,0002-6051-1001-01-02-3001,True,True,False,False,False,False,Lampedusa,6051,ITALY,0-20008-0-LMP,NOAA,35.5182,12.6305,45,REGION VI (Europe),GAW Regional,fixed station,Operational,NOAA ENEA ICOS,co2 ch4 n2o sf6 13co2 c18o2 ccl4 ch3ccl3 cfc113 cfc12 cfc11 hcfc141b hcfc142b hcfc22 hfc134a cbrclf2 cbrf3 co chcl3 ch3cl ch2cl2 ch3i ch3br ch2br2 h2,EXCLUDED,NOT_HOURLY,global_cohort_v1_gap_rule_20260814,NOT_ACQUIRED,NOT_HOURLY
CO2,FKL6052,,False,True,False,False,False,False,Finokalia,6052,GREECE,0-20008-0-FKL,LSCE,35.3377990723,25.6693992615,150,REGION VI (Europe),GAW Other elements,fixed station,Operational,LSCE,co2 ch4,EXCLUDED,NOT_HOURLY,global_cohort_v1_gap_rule_20260814,NOT_ACQUIRED,NOT_HOURLY
CO2,MKW2022,0005-2022-1001-01-01-9999,True,False,True,True,False,True,Mikawa-Ichinomiya,2022,JAPAN,0-20008-0-MKW,AICH,34.8499984741,137.4299926758,50,REGION II (Asia),GAW Other elements,fixed station,Non-reporting,AICH,co2,EXCLUDED,CLOSED_OR_NON_REPORTING,global_cohort_v1_gap_rule_20260814,NOT_ACQUIRED,CLOSED_OR_NON_REPORTING
CO2,SUI2023,0060-2023-1001-01-01-9999,True,False,True,True,False,False,Suita,2023,JAPAN,0-20008-0-SUI,OSAKAU,34.8199996948,135.5200042725,63,REGION II (Asia),GAW Other elements,fixed station,Closed,OSAKAU,co2,EXCLUDED,CLOSED_OR_NON_REPORTING,global_cohort_v1_gap_rule_20260814,NOT_ACQUIRED,CLOSED_OR_NON_REPORTING
CO2,HMM2024,0067-2024-1001-01-01-9999,True,False,True,True,False,False,Hamamatsu,2024,JAPAN,0-20008-0-HMM,SHIZU,34.7166671753,137.7166595459,29,REGION II (Asia),GAW Other elements,fixed station,Non-reporting,SHIZU,co2,EXCLUDED,CLOSED_OR_NON_REPORTING,global_cohort_v1_gap_rule_20260814,NOT_ACQUIRED,CLOSED_OR_NON_REPORTING
CO2,GSN2025,,False,False,True,True,False,True,Jeju Gosan,2025,"KOREA, REPUBLIC OF",0-20008-0-GSN,KMA,33.29382,126.16283,71.39,REGION II (Asia),GAW Regional,fixed station,Operational,AGAGE KMA GERC METRI,co2 ch4 n2o sf6 so2f2 ccl4 ch3ccl3 cfc113 cfc12 cfc11 cfc115 cfc114 cfc13 hcfc141b hcfc142b hcfc22 hcfc132b hcfc133a hfc125 hfc23 hfc152a hfc134a hfc143a hfc32 pfc116 pfc218 pfc14 pfc318 cbrclf2 cbrf3 c2br2f4 co chcl3 ch3cl ch2cl2 ch3br,EXCLUDED,AUTHENTICATION_REQUIRED_OR_LOCKED,global_cohort_v1_gap_rule_20260814,NOT_ACQUIRED,AUTHENTICATION_REQUIRED_OR_LOCKED
CO2,BME4029,0002-4029-1001-01-02-3001,True,True,False,False,False,False,St. David's Head,4029,UNITED KINGDOM,0-20008-0-BME,NOAA,32.3699989319,-64.6500015259,30,REGION IV (North and Central America),GAW Regional,fixed station,Closed,NOAA,co2 ch4 n2o sf6 13co2 c18o2 co h2,EXCLUDED,NOT_HOURLY,global_cohort_v1_gap_rule_20260814,NOT_ACQUIRED,NOT_HOURLY
CO2,BMW4030,0002-4030-1001-01-02-3001,True,True,False,False,False,False,Tudor Hill (Bermuda),4030,UNITED KINGDOM,0-20008-0-BMW,NOAA,32.2700004578,-64.8799972534,30,REGION IV (North and Central America),GAW Regional,fixed station,Operational,NOAA,co2 ch4 n2o sf6 13co2 c18o2 co h2,EXCLUDED,NOT_HOURLY,global_cohort_v1_gap_rule_20260814,NOT_ACQUIRED,NOT_HOURLY
CO2,WIS6053,0002-6053-1001-01-02-3001,True,True,False,False,False,False,Sede Boker,6053,ISRAEL,0-20008-0-WIS,NOAA,31.1299991608,34.8800010681,400,REGION VI (Europe),GAW Regional,fixed station,Operational,NOAA,co2 ch4 n2o sf6 13co2 c18o2 co h2,EXCLUDED,NOT_HOURLY,global_cohort_v1_gap_rule_20260814,NOT_ACQUIRED,NOT_HOURLY
CO2,CAI1001,0022-1001-1001-01-01-9999,True,False,True,False,False,False,CAIRO,1001,EGYPT,0-20008-0-CAI,EMA,30.0833339691,31.2833328247,35,REGION I (Africa),GAW Regional,fixed station,Operational,EMA,co2,SELECTED_FOR_ACQUISITION,Operational hourly accessible product; global or geographic-gap rule,global_cohort_v1_gap_rule_20260814,ACQUIRED_NOT_FINAL,coverage threshold not met or parser result unresolved
CO2,IZO1002,0002-1002-1001-01-02-3001,True,True,False,False,False,False,Izaña (Tenerife),1002,SPAIN,0-20008-0-IZO,NOAA,28.3090000153,-16.4993991852,2373,REGION I (Africa),GAW Global,fixed station,Operational,NOAA AEMET ICOS,co2 ch4 n2o sf6 13co2 c18o2 co h2,EXCLUDED,NOT_HOURLY,global_cohort_v1_gap_rule_20260814,NOT_ACQUIRED,NOT_HOURLY
CO2,MID5001,0002-5001-1001-01-02-3001,True,True,False,False,False,False,Sand Island,5001,UNITED STATES,0-20008-0-MID,NOAA,28.2199993134,-177.3699951172,4,REGION V (South-West Pacific),GAW Regional,fixed station,Operational,NOAA,co2 ch4 n2o sf6 13ch4 13co2 c18o2 co h2,EXCLUDED,NOT_HOURLY,global_cohort_v1_gap_rule_20260814,NOT_ACQUIRED,NOT_HOURLY
CO2,FRF1012,0022-1012-1001-01-01-9999,True,False,True,False,False,False,Farafra,1012,EGYPT,0-20008-0-FRF,EMA,27.0581169128,27.9901638031,92,REGION I (Africa),GAW Regional,fixed station,Operational,EMA,co2,SELECTED_FOR_ACQUISITION,Operational hourly accessible product; global or geographic-gap rule,global_cohort_v1_gap_rule_20260814,ACQUIRED_NOT_FINAL,coverage threshold not met or parser result unresolved
CO2,KEY4033,0002-4033-1001-01-02-3001,True,True,False,False,False,False,Key Biscane (FL),4033,UNITED STATES,0-20008-0-KEY,NOAA,25.6666660309,-80.1999969482,3,REGION IV (North and Central America),GAW Regional,fixed station,Operational,NOAA,co2 ch4 n2o sf6 13co2 c18o2 co h2,EXCLUDED,NOT_HOURLY,global_cohort_v1_gap_rule_20260814,NOT_ACQUIRED,NOT_HOURLY
CO2,YON2028,0001-2028-1001-01-01-9999,True,False,True,True,False,True,Yonagunijima,2028,JAPAN,0-20008-0-YON,JMA,24.4667,123.0106,30,REGION II (Asia),GAW Regional,fixed station,Operational,JMA MRI,co2 ch4 co 222rn,EXCLUDED,OUTSIDE_PREDECLARED_GEOGRAPHIC_GAP_RULE,global_cohort_v1_gap_rule_20260814,NOT_ACQUIRED,OUTSIDE_PREDECLARED_GEOGRAPHIC_GAP_RULE
CO2,MNM2029,0001-2029-1001-01-01-9999,True,False,True,True,False,True,Minamitorishima,2029,JAPAN,0-20008-0-MNM,JMA,24.2883,153.9833,7.1,REGION II (Asia),GAW Global,fixed station,Operational,JMA MRI,co2 ch4 n2o hfc125 hfc23 hfc152a hfc245fa hfc227ea hfc134a hfc143a hfc32 co 222rn,SELECTED_FOR_ACQUISITION,Operational hourly accessible product; global or geographic-gap rule,global_cohort_v1_gap_rule_20260814,FINAL_COHORT,passes chosen coverage rule
CO2,HAT2031,0053-2031-1001-01-01-9999,True,False,True,True,False,False,Hateruma Island,2031,JAPAN,0-20008-0-HAT,NIES,24.06069,123.80939,10,REGION II (Asia),GAW Other elements,fixed station,Operational,NIES,co2 ch4 n2o sf6 cfc11 hcfc141b hcfc142b hcfc22 hfc23 hfc152a hfc134a hfc32,EXCLUDED,OUTSIDE_PREDECLARED_GEOGRAPHIC_GAP_RULE,global_cohort_v1_gap_rule_20260814,NOT_ACQUIRED,OUTSIDE_PREDECLARED_GEOGRAPHIC_GAP_RULE
CO2,LLN2032,0002-2032-1001-01-02-3001,True,True,False,False,False,False,Lulin,2032,"TAIWAN, PROVINCE OF CHINA","province of China,0-20008-0-LLN",NOAA,23.4699993134,120.8700027466,2862,REGION II (Asia),GAW Other elements,fixed station,Operational,NOAA,co2 ch4 n2o sf6 13co2 c18o2 co h2,EXCLUDED,NOT_HOURLY,global_cohort_v1_gap_rule_20260814,NOT_ACQUIRED,NOT_HOURLY
CO2,ASK1003,0002-1003-1001-01-02-3001,True,True,False,False,False,False,Assekrem,1003,ALGERIA,0-20008-0-ASK,NOAA,23.26116,5.63115,2710,REGION I (Africa),GAW Global,fixed station,Operational,NOAA ONM,co2 ch4 n2o sf6 13co2 c18o2 co h2,EXCLUDED,NOT_HOURLY,global_cohort_v1_gap_rule_20260814,NOT_ACQUIRED,NOT_HOURLY
CO2,HKO2033,0027-2033-1001-01-01-9999,True,False,False,True,False,False,King's Park,2033,HONG KONG,"China,0-20008-0-HKO",HKO,22.3118972778,114.1728744507,65,REGION II (Asia),GAW Regional,fixed station,Operational,HKO,co2 222rn,EXCLUDED,NOT_HOURLY,global_cohort_v1_gap_rule_20260814,NOT_ACQUIRED,NOT_HOURLY
CO2,HKG2034,0027-2034-1001-01-01-9999,True,False,False,True,False,False,Hok Tsui / Cape d Aguilar,2034,HONG KONG,"China,0-20008-0-HKG",HKO,22.2094,114.2535,53,REGION II (Asia),GAW Regional,fixed station,Operational,HKO PolyU,co2 co,EXCLUDED,NOT_HOURLY,global_cohort_v1_gap_rule_20260814,NOT_ACQUIRED,NOT_HOURLY
CO2,PDI2035,0051-2035-1001-01-01-9999,True,False,True,True,False,False,Pha Din,2035,VIET NAM,0-20008-0-PDI,VNMHA,21.5731,103.5157,1466,REGION II (Asia),GAW Regional,fixed station,Operational,VNMHA,co2 ch4 co,EXCLUDED,OUTSIDE_PREDECLARED_GEOGRAPHIC_GAP_RULE,global_cohort_v1_gap_rule_20260814,NOT_ACQUIRED,OUTSIDE_PREDECLARED_GEOGRAPHIC_GAP_RULE
CO2,MKO5026,0002-5026-1001-01-01-3001,True,False,True,True,False,False,Mauna Kea (HI),5026,UNITED STATES,0-20008-0-MKO,NOAA,19.8299999237,-155.4799957275,4204,REGION V (South-West Pacific),GAW Other elements,fixed station,Operational,NOAA,co2 ch4 n2o sf6,EXCLUDED,OUTSIDE_PREDECLARED_GEOGRAPHIC_GAP_RULE,global_cohort_v1_gap_rule_20260814,NOT_ACQUIRED,OUTSIDE_PREDECLARED_GEOGRAPHIC_GAP_RULE
CO2,MLO5002,0002-5002-1001-01-01-3001,True,False,True,True,False,False,Mauna Loa (HI),5002,UNITED STATES,0-20008-0-MLO,NOAA,19.5362300873,-155.5761566162,3397,REGION V (South-West Pacific),GAW Global,fixed station,Operational,NOAA CSIRO,co2 ch4 n2o sf6 13ch4 13co2 c18o2 ccl4 ch3ccl3 cfc113 cfc12 cfc11 hcfc141b hcfc142b hcfc22 hfc125 hfc152a hfc227ea hfc365mfc hfc134a hfc143a hfc32 cbrclf2 cbrf3 c2br2f4 co ch3cl ch2cl2 ch3br c2cl4 h2,SELECTED_FOR_ACQUISITION,Operational hourly accessible product; global or geographic-gap rule,global_cohort_v1_gap_rule_20260814,FINAL_COHORT,passes chosen coverage rule
CO2,KUM5003,0002-5003-1001-01-02-3001,True,True,False,False,False,False,Cape Kumukahi (HI),5003,UNITED STATES,0-20008-0-KUM,NOAA,19.5200004578,-154.8200073242,3,REGION V (South-West Pacific),GAW Regional,fixed station,Operational,NOAA,co2 ch4 n2o sf6 13ch4 13co2 c18o2 ccl4 ch3ccl3 cfc113 cfc12 cfc11 hcfc141b hcfc142b hcfc22 hfc125 hfc152a hfc227ea hfc365mfc hfc134a hfc143a hfc32 cbrclf2 cbrf3 c2br2f4 co ch3cl ch2cl2 ch3br c2cl4 h2,EXCLUDED,NOT_HOURLY,global_cohort_v1_gap_rule_20260814,NOT_ACQUIRED,NOT_HOURLY
CO2,MEX4034,0002-4034-1001-01-02-3001,True,True,False,False,False,False,Mex High Altitude Global Climate Observation Center,4034,MEXICO,0-20008-0-MEX,NOAA,18.985842,-97.314433,4560,REGION IV (North and Central America),GAW Other elements,fixed station,Operational,NOAA,co2 ch4 n2o sf6 13ch4 13co2 c18o2 co h2,EXCLUDED,NOT_HOURLY,global_cohort_v1_gap_rule_20260814,NOT_ACQUIRED,NOT_HOURLY
CO2,AVI4035,0002-4035-1001-01-02-3001,True,True,False,False,False,False,St. Croix,4035,UNITED STATES,0-20008-0-AVI,NOAA,17.75,-64.75,3,REGION IV (North and Central America),GAW Regional,fixed station,Closed,NOAA,co2 ch4,EXCLUDED,NOT_HOURLY,global_cohort_v1_gap_rule_20260814,NOT_ACQUIRED,NOT_HOURLY
CO2,CVO1004,,False,False,True,True,False,True,Cape Verde Atmospheric Observatory,1004,CAPE VERDE,0-20008-0-CVO,UYRK,16.864025,-24.867519,10,REGION I (Africa),GAW Global,fixed station,Operational,UYRK UoE,co2 ch4 n2o co,EXCLUDED,AUTHENTICATION_REQUIRED_OR_LOCKED,global_cohort_v1_gap_rule_20260814,NOT_ACQUIRED,AUTHENTICATION_REQUIRED_OR_LOCKED
CO2,CRI2036,0016-2036-1001-01-02-9999,True,True,False,False,False,False,Cape Rama,2036,INDIA,0-20008-0-CRI,CSIRO,15.0799999237,73.8300018311,60,REGION II (Asia),GAW Other elements,fixed station,Non-reporting,CSIRO,co2 ch4 n2o 13co2 co h2,EXCLUDED,NOT_HOURLY,global_cohort_v1_gap_rule_20260814,NOT_ACQUIRED,NOT_HOURLY
CO2,GMI5004,0002-5004-1001-01-02-3001,True,True,False,False,False,False,Guam (Mariana Island),5004,UNITED STATES,0-20008-0-GMI,NOAA,13.4300003052,144.7799987793,2,REGION V (South-West Pacific),GAW Regional,fixed station,Operational,NOAA,co2 ch4 n2o sf6 13ch4 13co2 c18o2 co h2,EXCLUDED,NOT_HOURLY,global_cohort_v1_gap_rule_20260814,NOT_ACQUIRED,NOT_HOURLY
CO2,RPB4036,0002-4036-1001-01-02-3001,True,True,False,False,False,False,Ragged Point,4036,BARBADOS,0-20008-0-RPB,NOAA,13.1700000763,-59.4300003052,45,REGION IV (North and Central America),GAW Regional,fixed station,Operational,NOAA AGAGE,co2 ch4 n2o sf6 so2f2 nf3 13co2 c18o2 ccl4 ch3ccl3 cfc113 cfc12 cfc11 cfc115 cfc114 cfc13 hcfc141b hcfc142b hcfc22 hcfc124 hcfc132b hcfc133a hfc125 hfc23 hfc152a hfc236fa hfc245fa hfc227ea hfc365mfc hfc134a hfc143a hfc32 hfc4310mee pfc116 pfc218 pfc14 pfc318 cbrclf2 cbrf3 c2br2f4 co chcl3 ch3cl ch2cl2 ch3br c2cl4 h2,EXCLUDED,NOT_HOURLY,global_cohort_v1_gap_rule_20260814,NOT_ACQUIRED,NOT_HOURLY
CO2,DMV5005,,False,False,True,True,False,True,Danum Valley,5005,MALAYSIA,0-20008-0-DMV,MMD,4.9813890457,117.8436126709,426,REGION V (South-West Pacific),GAW Global,fixed station,Operational,MMD,co2,EXCLUDED,AUTHENTICATION_REQUIRED_OR_LOCKED,global_cohort_v1_gap_rule_20260814,NOT_ACQUIRED,AUTHENTICATION_REQUIRED_OR_LOCKED
CO2,KCO2037,0002-2037-1001-01-02-3001,True,True,False,False,False,False,Kaashidhoo (Male Atoll),2037,MALDIVES,0-20008-0-KCO,NOAA,4.9699997902,73.4700012207,1,REGION II (Asia),GAW Regional,fixed station,Closed,NOAA,co2 ch4 n2o sf6 co,EXCLUDED,NOT_HOURLY,global_cohort_v1_gap_rule_20260814,NOT_ACQUIRED,NOT_HOURLY
CO2,CHR5006,0002-5006-1001-01-02-3001,True,True,False,False,False,False,Christmas Island,5006,KIRIBATI,0-20008-0-CHR,NOAA,1.7000000477,-157.1699981689,3,REGION V (South-West Pacific),GAW Regional,fixed station,Operational,NOAA,co2 ch4 n2o sf6 13co2 c18o2 co h2,EXCLUDED,NOT_HOURLY,global_cohort_v1_gap_rule_20260814,NOT_ACQUIRED,NOT_HOURLY
CO2,MKN1005,0002-1005-1001-01-02-3001,True,True,False,False,False,False,Mt. Kenya,1005,KENYA,0-20008-0-MKN,NOAA,-0.0621999986,37.2971992493,3678,REGION I (Africa),GAW Global,fixed station,Operational,NOAA KMD,co2 ch4 n2o sf6 13co2 c18o2 co h2,EXCLUDED,NOT_HOURLY,global_cohort_v1_gap_rule_20260814,NOT_ACQUIRED,NOT_HOURLY
CO2,BKT5007,0002-5007-1001-01-02-3001,True,True,False,False,False,False,Bukit Kototabang,5007,INDONESIA,0-20008-0-BKT,NOAA,-0.2019443959,100.3180541992,864,REGION V (South-West Pacific),GAW Global,fixed station,Operational,NOAA BMKG,co2 ch4 n2o sf6 13co2 c18o2 co h2,EXCLUDED,NOT_HOURLY,global_cohort_v1_gap_rule_20260814,NOT_ACQUIRED,NOT_HOURLY
CO2,SEY1006,0002-1006-1001-01-02-3001,True,True,False,False,False,False,Mahé,1006,SEYCHELLES,0-20008-0-SEY,NOAA,-4.6700000763,55.1699981689,3,REGION I (Africa),GAW Regional,fixed station,Operational,NOAA,co2 ch4 n2o sf6 13co2 c18o2 co h2,EXCLUDED,NOT_HOURLY,global_cohort_v1_gap_rule_20260814,NOT_ACQUIRED,NOT_HOURLY
CO2,NAT3001,0002-3001-1001-01-02-3001,True,True,False,False,False,False,Natal,3001,BRAZIL,0-20008-0-NAT,NOAA,-6,-35.2000007629,0,REGION III (South America),GAW Regional,fixed station,Operational,NOAA,co2 ch4 n2o sf6 13co2 c18o2 co h2,EXCLUDED,NOT_HOURLY,global_cohort_v1_gap_rule_20260814,NOT_ACQUIRED,NOT_HOURLY
CO2,ASC1007,0002-1007-1001-01-02-3001,True,True,False,False,False,False,Ascension Island,1007,UNITED KINGDOM,0-20008-0-ASC,NOAA,-7.9699997902,-14.3999996185,91,REGION I (Africa),GAW Regional,fixed station,Operational,NOAA,co2 ch4 n2o sf6 13ch4 13co2 c18o2 co h2,EXCLUDED,NOT_HOURLY,global_cohort_v1_gap_rule_20260814,NOT_ACQUIRED,NOT_HOURLY
CO2,HUA3002,0030-3002-1001-01-01-9999,True,False,False,True,False,False,Huancayo,3002,PERU,0-20008-0-HUA,IGP,-12.1499996185,-75.5666656494,4575,REGION III (South America),GAW Regional,fixed station,Closed,IGP,co2,EXCLUDED,NOT_HOURLY,global_cohort_v1_gap_rule_20260814,NOT_ACQUIRED,NOT_HOURLY
CO2,GPA5008,0016-5008-1001-01-02-9999,True,True,False,False,False,False,Gunn Point,5008,AUSTRALIA,0-20008-0-GPA,CSIRO,-12.2488002777,131.0453033447,25,REGION V (South-West Pacific),GAW Regional,fixed station,Operational,CSIRO,co2 ch4 n2o 13co2 co h2,EXCLUDED,NOT_HOURLY,global_cohort_v1_gap_rule_20260814,NOT_ACQUIRED,NOT_HOURLY
CO2,ABP3003,0002-3003-1001-01-02-3001,True,True,False,False,False,False,Arembepe,3003,BRAZIL,0-20008-0-ABP,NOAA,-12.7666664124,-38.1666679382,0,REGION III (South America),GAW Global,fixed station,Closed,NOAA INPE,co2 ch4 n2o sf6 13co2 c18o2 co h2,EXCLUDED,NOT_HOURLY,global_cohort_v1_gap_rule_20260814,NOT_ACQUIRED,NOT_HOURLY
CO2,SMO5009,0002-5009-1001-01-01-3001,True,False,True,True,False,False,Samoa (Cape Matatula),5009,UNITED STATES,0-20008-0-SMO,NOAA,-14.2474746704,-170.5645141602,77,REGION V (South-West Pacific),GAW Global,fixed station,Operational,NOAA AGAGE,co2 ch4 n2o sf6 so2f2 nf3 13ch4 13co2 c18o2 ccl4 ch3ccl3 cfc113 cfc12 cfc11 cfc115 cfc114 cfc13 hcfc141b hcfc142b hcfc22 hcfc124 hcfc132b hcfc133a hfc125 hfc23 hfc152a hfc236fa hfc245fa hfc227ea hfc365mfc hfc134a hfc143a hfc32 hfc4310mee pfc116 pfc218 pfc14 pfc318 cbrclf2 cbrf3 c2br2f4 co chcl3 ch3cl ch2cl2 ch3br c2cl4 h2,SELECTED_FOR_ACQUISITION,Operational hourly accessible product; global or geographic-gap rule,global_cohort_v1_gap_rule_20260814,FINAL_COHORT,passes chosen coverage rule
CO2,CFA5010,0016-5010-1001-01-02-9999,True,True,False,False,False,False,Cape Ferguson,5010,AUSTRALIA,0-20008-0-CFA,CSIRO,-19.2773323059,147.0584411621,2,REGION V (South-West Pacific),GAW Regional,fixed station,Operational,CSIRO,co2 ch4 n2o 13co2 co h2,EXCLUDED,NOT_HOURLY,global_cohort_v1_gap_rule_20260814,NOT_ACQUIRED,NOT_HOURLY
CO2,RUN1042,0162-1042-1001-01-01-9999,True,False,True,True,False,False,La Réunion,1042,FRANCE,0-20008-0-RUN,ICOS,-21.0796,55.3841,2160,REGION I (Africa),GAW Global,fixed station,Operational,ICOS,co2 ch4 co,SELECTED_FOR_ACQUISITION,Operational hourly accessible product; global or geographic-gap rule,global_cohort_v1_gap_rule_20260814,FINAL_COHORT,passes chosen coverage rule
CO2,NMB1008,0002-1008-1001-01-02-3001,True,True,False,False,False,False,Gobabeb,1008,NAMIBIA,0-20008-0-NMB,NOAA,-23.5699996948,15.029999733,408,REGION I (Africa),GAW Regional,fixed station,Operational,NOAA,co2 ch4 n2o sf6 13co2 c18o2 co h2,EXCLUDED,NOT_HOURLY,global_cohort_v1_gap_rule_20260814,NOT_ACQUIRED,NOT_HOURLY
CO2,EIC3004,0002-3004-1001-01-02-3001,True,True,False,False,False,False,Easter Island,3004,CHILE,0-20008-0-EIC,NOAA,-27.1666660309,-109.4167022705,41,REGION III (South America),GAW Regional,fixed station,Operational,NOAA,co2 ch4 n2o sf6 13ch4 13co2 c18o2 co h2,EXCLUDED,NOT_HOURLY,global_cohort_v1_gap_rule_20260814,NOT_ACQUIRED,NOT_HOURLY
CO2,TLL3005,0017-3005-1001-01-01-9999,True,False,True,True,False,False,El Tololo,3005,CHILE,0-20008-0-TLL,DMC,-30.16833,-70.80361,2154,REGION III (South America),GAW Regional,fixed station,Operational,DMC,co2 ch4 co,SELECTED_FOR_ACQUISITION,Operational hourly accessible product; global or geographic-gap rule,global_cohort_v1_gap_rule_20260814,ACQUIRED_NOT_FINAL,coverage threshold not met or parser result unresolved
CO2,CPT1009,0002-1009-1001-01-02-3001,True,True,False,False,False,False,Cape Point,1009,SOUTH AFRICA,0-20008-0-CPT,NOAA,-34.3534812927,18.4896831512,230,REGION I (Africa),GAW Global,fixed station,Operational,NOAA ANSTO SAWS,co2 ch4 n2o sf6 13co2 c18o2 co h2 222rn,EXCLUDED,NOT_HOURLY,global_cohort_v1_gap_rule_20260814,NOT_ACQUIRED,NOT_HOURLY
CO2,AMS1010,0002-1010-1001-01-02-3001,True,True,False,False,False,False,Amsterdam Island,1010,FRANCE,0-20008-0-AMS,NOAA,-37.7983016968,77.5378036499,70,REGION I (Africa),GAW Global,fixed station,Operational,NOAA LSCE,co2 ch4 co,EXCLUDED,NOT_HOURLY,global_cohort_v1_gap_rule_20260814,NOT_ACQUIRED,NOT_HOURLY
CO2,MGK5058,0057-5058-1001-01-01-9999,True,False,True,False,False,False,Maunga Kākaramea,5058,NEW ZEALAND,0-554-0-MGK,ESNZ,-38.3194,176.3883,743,REGION V (South-West Pacific),GAW Regional,fixed station,Operational,ESNZ,co2,EXCLUDED,OUTSIDE_PREDECLARED_GEOGRAPHIC_GAP_RULE,global_cohort_v1_gap_rule_20260814,NOT_ACQUIRED,OUTSIDE_PREDECLARED_GEOGRAPHIC_GAP_RULE
CO2,CGO5011,0002-5011-1001-01-02-3001,True,True,False,False,False,False,Kennaook / Cape Grim,5011,AUSTRALIA,0-20008-0-CGO,NOAA,-40.682220459,144.6883392334,94,REGION V (South-West Pacific),GAW Global,fixed station,Operational,NOAA AGAGE ANSTO CSIRO,co2 ch4 n2o sf6 so2f2 nf3 13ch4 13co2 c18o2 ccl4 ch3ccl3 cfc113 cfc12 cfc11 cfc115 cfc114 cfc13 hcfc141b hcfc142b hcfc22 hcfc124 hcfc132b hcfc133a hfc125 hfc23 hfc152a hfc236fa hfc245fa hfc227ea hfc365mfc hfc134a hfc143a hfc32 hfc4310mee pfc116 pfc218 pfc14 pfc318 cbrclf2 cbrf3 c2br2f4 co chcl3 ch3cl ch2cl2 ch3br c2cl4 h2 222rn,EXCLUDED,NOT_HOURLY,global_cohort_v1_gap_rule_20260814,NOT_ACQUIRED,NOT_HOURLY
CO2,BHD5012,0002-5012-1001-01-02-3001,True,True,False,False,False,False,Baring Head,5012,NEW ZEALAND,0-20008-0-BHD,NOAA,-41.4081916809,174.870803833,85,REGION V (South-West Pacific),GAW Regional,fixed station,Operational,NOAA ESNZ,co2 ch4 n2o sf6 13ch4 13co2 c18o2 co h2 14co2,EXCLUDED,NOT_HOURLY,global_cohort_v1_gap_rule_20260814,NOT_ACQUIRED,NOT_HOURLY
CO2,LAU5014,0057-5014-1001-01-01-9999,True,False,True,False,False,True,Lauder,5014,NEW ZEALAND,0-20008-0-LAU,ESNZ,-45.0379981995,169.6840057373,370,REGION V (South-West Pacific),GAW Global,fixed station,Operational,ESNZ,co2 ch4 n2o sf6 co,SELECTED_FOR_ACQUISITION,Operational hourly accessible product; global or geographic-gap rule,global_cohort_v1_gap_rule_20260814,ACQUIRED_NOT_FINAL,coverage threshold not met or parser result unresolved
CO2,CRZ1011,0002-1011-1001-01-02-3001,True,True,False,False,False,False,Crozet,1011,FRANCE,0-20008-0-CRZ,NOAA,-46.4333381653,51.8335800171,120,REGION I (Africa),GAW Regional,fixed station,Operational,NOAA,co2 ch4 n2o sf6 13co2 c18o2 co h2,EXCLUDED,NOT_HOURLY,global_cohort_v1_gap_rule_20260814,NOT_ACQUIRED,NOT_HOURLY
CO2,SGI3006,0002-3006-1001-01-02-3001,True,True,False,False,False,False,Bird Island (South Georgia),3006,UNITED KINGDOM,0-20008-0-SGI,NOAA,-54.0083007813,-38.0512008667,30,REGION III (South America),GAW Regional,fixed station,Non-reporting,NOAA,co2 ch4,EXCLUDED,NOT_HOURLY,global_cohort_v1_gap_rule_20260814,NOT_ACQUIRED,NOT_HOURLY
CO2,MQA5015,0016-5015-1001-01-01-9999,True,False,True,False,False,False,Macquarie Island,5015,AUSTRALIA,0-20008-0-MQA,CSIRO,-54.498500824,158.9385070801,6,REGION V (South-West Pacific),GAW Regional,fixed station,Operational,CSIRO GNS,co2 ch4 n2o 13co2 co h2 14co2,EXCLUDED,OUTSIDE_PREDECLARED_GEOGRAPHIC_GAP_RULE,global_cohort_v1_gap_rule_20260814,NOT_ACQUIRED,OUTSIDE_PREDECLARED_GEOGRAPHIC_GAP_RULE
CO2,USH3007,0002-3007-1001-01-02-3001,True,True,False,False,False,False,Ushuaia,3007,ARGENTINA,0-20008-0-USH,NOAA,-54.8484649658,-68.3106918335,18,REGION III (South America),GAW Global,fixed station,Operational,NOAA SMNA,co2 ch4 n2o sf6 13co2 c18o2 ccl4 ch3ccl3 cfc113 cfc12 cfc11 co h2,EXCLUDED,NOT_HOURLY,global_cohort_v1_gap_rule_20260814,NOT_ACQUIRED,NOT_HOURLY
CO2,KSG7001,,False,False,True,True,False,False,King Sejong,7001,"KOREA, REPUBLIC OF",0-20008-0-KSG,KMA,-62.2166595459,-58.7832984924,0,ANTARCTICA,GAW Regional,fixed station,Operational,KMA,co2,EXCLUDED,AUTHENTICATION_REQUIRED_OR_LOCKED,global_cohort_v1_gap_rule_20260814,NOT_ACQUIRED,AUTHENTICATION_REQUIRED_OR_LOCKED
CO2,JBN7002,,False,False,True,True,False,True,Jubany,7002,ARGENTINA,0-20008-0-JBN,IAA,-62.2382011414,-58.6660003662,15,ANTARCTICA,GAW Regional,fixed station,Non-reporting,IAA,co2,EXCLUDED,AUTHENTICATION_REQUIRED_OR_LOCKED,global_cohort_v1_gap_rule_20260814,NOT_ACQUIRED,AUTHENTICATION_REQUIRED_OR_LOCKED
CO2,PSA7003,0002-7003-1001-01-02-3001,True,True,False,False,False,False,Palmer Station,7003,UNITED STATES,0-20008-0-PSA,NOAA,-64.7743301392,-64.0544204712,10,ANTARCTICA,GAW Regional,fixed station,Operational,NOAA,co2 ch4 n2o sf6 13co2 c18o2 ccl4 ch3ccl3 cfc113 cfc12 cfc11 hcfc142b hcfc22 hfc125 hfc152a hfc227ea hfc365mfc hfc134a hfc143a hfc32 cbrclf2 cbrf3 c2br2f4 co ch3cl ch2cl2 ch3br h2,EXCLUDED,NOT_HOURLY,global_cohort_v1_gap_rule_20260814,NOT_ACQUIRED,NOT_HOURLY
CO2,CYA7004,0016-7004-1001-01-02-9999,True,True,False,False,False,False,Casey,7004,AUSTRALIA,0-20008-0-CYA,CSIRO,-66.2833023071,110.5167007446,51,ANTARCTICA,GAW Regional,fixed station,Operational,CSIRO,co2 ch4 n2o 13co2 co h2,EXCLUDED,NOT_HOURLY,global_cohort_v1_gap_rule_20260814,NOT_ACQUIRED,NOT_HOURLY
CO2,MAA7005,0016-7005-1001-01-02-9999,True,True,False,False,False,False,Mawson,7005,AUSTRALIA,0-20008-0-MAA,CSIRO,-67.6047210693,62.8705558777,20,ANTARCTICA,GAW Regional,fixed station,Operational,CSIRO,co2 ch4 n2o 13co2 co h2,EXCLUDED,NOT_HOURLY,global_cohort_v1_gap_rule_20260814,NOT_ACQUIRED,NOT_HOURLY
CO2,SYO7006,0002-7006-1001-01-02-3001,True,True,False,False,False,False,Syowa,7006,JAPAN,0-20008-0-SYO,NOAA,-69.0053,39.5811,29.1,ANTARCTICA,GAW Regional,fixed station,Operational,NOAA TU,co2 ch4 n2o sf6 13ch4 13co2 c18o2 ch3d co h2,EXCLUDED,NOT_HOURLY,global_cohort_v1_gap_rule_20260814,NOT_ACQUIRED,NOT_HOURLY
CO2,TRL7039,,False,False,True,True,False,False,Trollhaugen,7039,NORWAY,0-578-20008-TRL,NILU,-72.0117,2.5351,1553,ANTARCTICA,GAW Global,fixed station,Operational,NILU,co2 ch4,EXCLUDED,AUTHENTICATION_REQUIRED_OR_LOCKED,global_cohort_v1_gap_rule_20260814,NOT_ACQUIRED,AUTHENTICATION_REQUIRED_OR_LOCKED
CO2,HBA7008,0002-7008-1001-01-02-3001,True,True,False,False,False,False,Halley,7008,UNITED KINGDOM,0-20008-0-HBA,NOAA,-75.571509,-25.50386,30,ANTARCTICA,GAW Global,fixed station,Operational,NOAA BAS,co2 ch4 n2o sf6 13co2 c18o2 co h2,EXCLUDED,NOT_HOURLY,global_cohort_v1_gap_rule_20260814,NOT_ACQUIRED,NOT_HOURLY
CO2,ARH7009,0057-7009-1001-01-02-9999,True,True,False,False,False,True,Arrival Heights,7009,NEW ZEALAND,0-554-0-89668,ESNZ,-77.83011,166.66049,187.41,ANTARCTICA,GAW Regional,fixed station,Operational,ESNZ GNS,co2 ch4 n2o sf6 13ch4 co 14co2,EXCLUDED,NOT_HOURLY,global_cohort_v1_gap_rule_20260814,NOT_ACQUIRED,NOT_HOURLY
CO2,SPO7011,0002-7011-1001-01-01-3001,True,False,True,True,False,False,South Pole,7011,UNITED STATES,0-20008-0-SPO,NOAA,-89.9969482422,-24.7999992371,2841,ANTARCTICA,GAW Global,fixed station,Operational,NOAA CSIRO,co2 ch4 n2o sf6 13ch4 13co2 c18o2 ccl4 ch3ccl3 cfc113 cfc12 cfc11 hcfc141b hcfc142b hcfc22 hfc125 hfc152a hfc227ea hfc365mfc hfc134a hfc143a hfc32 cbrclf2 cbrf3 c2br2f4 co ch3cl ch2cl2 ch3br c2cl4 h2,SELECTED_FOR_ACQUISITION,Operational hourly accessible product; global or geographic-gap rule,global_cohort_v1_gap_rule_20260814,FINAL_COHORT,passes chosen coverage rule
CH4,ALT4001,0002-4001-1002-01-02-3001,True,True,False,False,False,False,Alert,4001,CANADA,0-20008-0-ALT,NOAA,82.4991455078,-62.3415260315,185,REGION IV (North and Central America),GAW Global,fixed station,Operational,NOAA CSIRO ECCC,co2 ch4 n2o sf6 13ch4 13co2 c18o2 ccl4 ch3ccl3 cfc113 cfc12 cfc11 hcfc141b hcfc142b hcfc22 hfc125 hfc152a hfc227ea hfc365mfc hfc134a hfc143a hfc32 cbrclf2 cbrf3 c2br2f4 co ch3cl ch2cl2 ch3br c2cl4 h2,EXCLUDED,NOT_HOURLY,global_cohort_v1_gap_rule_20260814,NOT_ACQUIRED,NOT_HOURLY
CH4,SNO4065,0162-4065-1002-02-01-6021,True,False,True,True,False,False,Station Nord,4065,DENMARK,0-20008-0-SNO,ICOS,81.6015,-16.662,24,REGION IV (North and Central America),GAW Regional,fixed station,Non-reporting,ICOS,co2 ch4,EXCLUDED,CLOSED_OR_NON_REPORTING,global_cohort_v1_gap_rule_20260814,NOT_ACQUIRED,CLOSED_OR_NON_REPORTING
CH4,NYA6066,,False,True,False,False,False,False,Ny Ålesund,6066,NORWAY,0-20008-0-NYA,TU,78.923576355,11.9236602783,0,REGION VI (Europe),GAW Global,fixed station,Operational,TU,ch4 13ch4 ch3d,EXCLUDED,NOT_HOURLY,global_cohort_v1_gap_rule_20260814,NOT_ACQUIRED,NOT_HOURLY
CH4,ZEP6001,0002-6001-1002-01-02-3001,True,True,False,False,False,False,Zeppelin Mountain (Ny Ålesund),6001,NORWAY,0-20008-0-ZEP,NOAA,78.906688,11.889342,475,REGION VI (Europe),GAW Global,fixed station,Operational,NOAA AGAGE ITM NILU ICOS,co2 ch4 n2o sf6 so2f2 nf3 13ch4 13co2 c18o2 ccl4 ch3ccl3 cfc113 cfc12 cfc11 cfc115 cfc114 cfc13 hcfc141b hcfc142b hcfc22 hcfc124 hcfc132b hcfc133a hfc125 hfc23 hfc152a hfc236fa hfc245fa hfc227ea hfc365mfc hfc134a hfc143a hfc32 hfc4310mee pfc116 pfc218 pfc14 pfc318 cbrclf2 cbrf3 c2br2f4 co chcl3 ch3cl ch2cl2 ch3br c2cl4 h2,EXCLUDED,NOT_HOURLY,global_cohort_v1_gap_rule_20260814,NOT_ACQUIRED,NOT_HOURLY
CH4,MBC4002,0002-4002-1002-01-02-3001,True,True,False,False,False,False,Mould Bay,4002,CANADA,0-20008-0-MBC,NOAA,76.25,-119.3499984741,58,REGION IV (North and Central America),GAW Regional,fixed station,Closed,NOAA,co2 ch4 13co2 c18o2 co,EXCLUDED,NOT_HOURLY,global_cohort_v1_gap_rule_20260814,NOT_ACQUIRED,NOT_HOURLY
CH4,SUM6002,0002-6002-1002-01-02-3001,True,True,False,False,False,False,Summit,6002,DENMARK,0-20008-0-SUM,NOAA,72.5800018311,-38.4799995422,3238,REGION VI (Europe),GAW Regional,fixed station,Operational,NOAA INSTAAR,co2 ch4 n2o sf6 13ch4 13co2 c18o2 ccl4 ch3ccl3 cfc113 cfc12 cfc11 hcfc142b hcfc22 hfc125 hfc152a hfc227ea hfc365mfc hfc134a hfc143a hfc32 cbrclf2 cbrf3 c2br2f4 co ch3cl ch2cl2 ch3br h2,EXCLUDED,NOT_HOURLY,global_cohort_v1_gap_rule_20260814,NOT_ACQUIRED,NOT_HOURLY
CH4,TIK2002,0002-2002-1002-01-02-3001,True,True,False,False,False,False,Tiksi,2002,RUSSIAN FEDERATION,0-20008-0-TIK,NOAA,71.5861663818,128.9188232422,8,REGION II (Asia),GAW Regional,fixed station,Operational,NOAA FMI MGO,co2 ch4 n2o sf6 13co2 c18o2 co h2,EXCLUDED,NOT_HOURLY,global_cohort_v1_gap_rule_20260814,NOT_ACQUIRED,NOT_HOURLY
CH4,BRW4003,0002-4003-1002-01-01-3001,True,False,True,True,False,False,Barrow (AK),4003,UNITED STATES,0-20008-0-BRW,NOAA,71.3230133057,-156.6114654541,11,REGION IV (North and Central America),GAW Global,fixed station,Operational,NOAA,co2 ch4 n2o sf6 13ch4 13co2 c18o2 ccl4 ch3ccl3 cfc113 cfc12 cfc11 hcfc141b hcfc142b hcfc22 hfc125 hfc152a hfc227ea hfc365mfc hfc134a hfc143a hfc32 cbrclf2 cbrf3 c2br2f4 co ch3cl ch2cl2 ch3br c2cl4 h2,SELECTED_FOR_ACQUISITION,Operational hourly accessible product; global or geographic-gap rule,global_cohort_v1_gap_rule_20260814,FINAL_COHORT,passes chosen coverage rule
CH4,TER6003,,False,True,False,False,False,True,Teriberka,6003,RUSSIAN FEDERATION,0-20008-0-TER,MGO,69.1999969482,35.0999984741,40,REGION VI (Europe),GAW Regional,fixed station,Operational,MGO,co2 ch4,EXCLUDED,NOT_HOURLY,global_cohort_v1_gap_rule_20260814,NOT_ACQUIRED,NOT_HOURLY
CH4,CBY4165,0020-4165-1002-01-01-9999,True,False,True,True,False,False,Cambridge Bay,4165,CANADA,0-20008-0-CBY,ECCC,69.1284,-105.0577,25,REGION IV (North and Central America),GAW Regional,fixed station,Operational,ECCC,co2 ch4,EXCLUDED,OUTSIDE_PREDECLARED_GEOGRAPHIC_GAP_RULE,global_cohort_v1_gap_rule_20260814,NOT_ACQUIRED,OUTSIDE_PREDECLARED_GEOGRAPHIC_GAP_RULE
CH4,INU4176,0020-4176-1002-01-01-9999,True,False,True,True,False,False,Inuvik,4176,CANADA,0-20008-0-INU,ECCC,68.317817,-133.534232,107,REGION IV (North and Central America),GAW Regional,fixed station,Operational,ECCC,co2 ch4,EXCLUDED,OUTSIDE_PREDECLARED_GEOGRAPHIC_GAP_RULE,global_cohort_v1_gap_rule_20260814,NOT_ACQUIRED,OUTSIDE_PREDECLARED_GEOGRAPHIC_GAP_RULE
CH4,PAL6004,0002-6004-1002-01-02-3001,True,True,False,False,False,False,Pallas,6004,FINLAND,0-20008-0-PAL,NOAA,67.9736099243,24.1158332825,560,REGION VI (Europe),GAW Global,fixed station,Operational,NOAA ICOS,co2 ch4 n2o sf6 13co2 c18o2 co h2,EXCLUDED,NOT_HOURLY,global_cohort_v1_gap_rule_20260814,NOT_ACQUIRED,NOT_HOURLY
CH4,STM6006,0002-6006-1002-01-02-3001,True,True,False,False,False,False,Ocean Station M,6006,NORWAY,0-20008-0-STM,NOAA,66,2,4,REGION VI (Europe),GAW Regional,fixed station,Non-reporting,NOAA,co2 ch4 n2o sf6 13co2 c18o2 co h2,EXCLUDED,NOT_HOURLY,global_cohort_v1_gap_rule_20260814,NOT_ACQUIRED,NOT_HOURLY
CH4,SVB6392,0162-6392-1002-02-01-6036,True,False,True,True,False,False,Svartberget,6392,SWEDEN,0-20008-0-SVB,ICOS,64.25609,19.77457,267,REGION VI (Europe),GAW Regional,fixed station,Operational,ICOS,co2 ch4 n2o co,EXCLUDED,OUTSIDE_PREDECLARED_GEOGRAPHIC_GAP_RULE,global_cohort_v1_gap_rule_20260814,NOT_ACQUIRED,OUTSIDE_PREDECLARED_GEOGRAPHIC_GAP_RULE
CH4,ICE6007,0002-6007-1002-01-02-3001,True,True,False,False,False,False,Storhofdi,6007,ICELAND,0-20008-0-ICE,NOAA,63.4000015259,-20.2833328247,118,REGION VI (Europe),GAW Regional,fixed station,Operational,NOAA,co2 ch4 n2o sf6 13co2 c18o2 co h2,EXCLUDED,NOT_HOURLY,global_cohort_v1_gap_rule_20260814,NOT_ACQUIRED,NOT_HOURLY
CH4,PUI6325,0162-6325-1002-02-01-6048,True,False,True,True,False,False,Puijo,6325,FINLAND,0-246-0-PUI,ICOS,62.90944,27.65528,306,REGION VI (Europe),GAW Contributing networks,fixed station,Operational,ICOS,co2 ch4 co,EXCLUDED,OUTSIDE_PREDECLARED_GEOGRAPHIC_GAP_RULE,global_cohort_v1_gap_rule_20260814,NOT_ACQUIRED,OUTSIDE_PREDECLARED_GEOGRAPHIC_GAP_RULE
CH4,BCK4129,0020-4129-1002-01-01-9999,True,False,True,True,False,False,Behchoko,4129,CANADA,0-20008-0-BCK,ECCC,62.797934,-115.918255,184,REGION IV (North and Central America),GAW Regional,fixed station,Operational,ECCC,co2 ch4,EXCLUDED,OUTSIDE_PREDECLARED_GEOGRAPHIC_GAP_RULE,global_cohort_v1_gap_rule_20260814,NOT_ACQUIRED,OUTSIDE_PREDECLARED_GEOGRAPHIC_GAP_RULE
CH4,SMR6401,0162-6401-1002-02-01-6017,True,False,True,True,False,False,Hyytiälä,6401,FINLAND,0-20008-0-SMR,ICOS,61.84738441,24.2947798,181,REGION VI (Europe),GAW Regional,fixed station,Operational,ICOS,co2 ch4 co,EXCLUDED,OUTSIDE_PREDECLARED_GEOGRAPHIC_GAP_RULE,global_cohort_v1_gap_rule_20260814,NOT_ACQUIRED,OUTSIDE_PREDECLARED_GEOGRAPHIC_GAP_RULE
CH4,SIS6008,0016-6008-1002-01-02-9999,True,True,False,False,False,False,Lerwick,6008,UNITED KINGDOM,0-20008-0-SIS,CSIRO,60.1333351135,-1.1833332777,84,REGION VI (Europe),GAW Regional,fixed station,Non-reporting,CSIRO,co2 ch4 n2o 13co2 co h2,EXCLUDED,NOT_HOURLY,global_cohort_v1_gap_rule_20260814,NOT_ACQUIRED,NOT_HOURLY
CH4,NOR6260,0162-6260-1002-02-01-6033,True,False,True,True,False,False,Norunda,6260,SWEDEN,0-20008-0-NOR,ICOS,60.086441,17.479455,46,REGION VI (Europe),GAW Regional,fixed station,Operational,ICOS,co2 ch4 co,EXCLUDED,OUTSIDE_PREDECLARED_GEOGRAPHIC_GAP_RULE,global_cohort_v1_gap_rule_20260814,NOT_ACQUIRED,OUTSIDE_PREDECLARED_GEOGRAPHIC_GAP_RULE
CH4,UTO6105,0162-6105-1002-01-01-9999,True,False,True,True,False,False,Utö,6105,FINLAND,0-20008-0-UTO,ICOS,59.7833328247,21.3833332062,7,REGION VI (Europe),GAW Regional,fixed station,Operational,ICOS,co2 ch4 co,EXCLUDED,OUTSIDE_PREDECLARED_GEOGRAPHIC_GAP_RULE,global_cohort_v1_gap_rule_20260814,NOT_ACQUIRED,OUTSIDE_PREDECLARED_GEOGRAPHIC_GAP_RULE
CH4,CHL4004,0020-4004-1002-01-01-9999,True,False,True,True,False,False,Churchill,4004,CANADA,0-20008-0-CHL,ECCC,58.737902,-93.820581,16,REGION IV (North and Central America),GAW Regional,fixed station,Operational,ECCC TU,co2 ch4 n2o 13ch4 13co2 c18o2 co,EXCLUDED,OUTSIDE_PREDECLARED_GEOGRAPHIC_GAP_RULE,global_cohort_v1_gap_rule_20260814,NOT_ACQUIRED,OUTSIDE_PREDECLARED_GEOGRAPHIC_GAP_RULE
CH4,BIR6298,0162-6298-1002-02-01-6011,True,False,True,True,False,False,Birkenes,6298,NORWAY,0-20008-0-BIR,ICOS,58.3800010681,8.25,190,REGION VI (Europe),GAW Regional,fixed station,Operational,ICOS,co2 ch4 co,EXCLUDED,OUTSIDE_PREDECLARED_GEOGRAPHIC_GAP_RULE,global_cohort_v1_gap_rule_20260814,NOT_ACQUIRED,OUTSIDE_PREDECLARED_GEOGRAPHIC_GAP_RULE
CH4,HTM6319,0162-6319-1002-02-01-6031,True,False,True,True,False,False,Hyltemossa,6319,SWEDEN,0-20008-0-HTM,ICOS,56.09763,13.41897,115,REGION VI (Europe),GAW Regional,fixed station,Non-reporting,ICOS,co2 ch4 n2o co,EXCLUDED,CLOSED_OR_NON_REPORTING,global_cohort_v1_gap_rule_20260814,NOT_ACQUIRED,CLOSED_OR_NON_REPORTING
CH4,BAL6009,0002-6009-1002-01-02-3001,True,True,False,False,False,False,Baltic Sea,6009,POLAND,0-20008-0-BAL,NOAA,55.5,16.6700000763,7,REGION VI (Europe),GAW Regional,fixed station,Non-reporting,NOAA,co2 ch4 n2o sf6 13ch4 13co2 c18o2 co h2,EXCLUDED,NOT_HOURLY,global_cohort_v1_gap_rule_20260814,NOT_ACQUIRED,NOT_HOURLY
CH4,CBA4005,0002-4005-1002-01-02-3001,True,True,False,False,False,False,Cold Bay (AK),4005,UNITED STATES,0-20008-0-CBA,NOAA,55.2000007629,-162.7166595459,25,REGION IV (North and Central America),GAW Regional,fixed station,Operational,NOAA,co2 ch4 n2o sf6 13ch4 13co2 c18o2 co h2,EXCLUDED,NOT_HOURLY,global_cohort_v1_gap_rule_20260814,NOT_ACQUIRED,NOT_HOURLY
CH4,LLB4006,0002-4006-1002-01-02-3001,True,True,False,False,False,False,Lac La Biche (Alberta),4006,CANADA,0-20008-0-LLB,NOAA,54.953809,-112.466649,548,REGION IV (North and Central America),GAW Regional,fixed station,Operational,NOAA ECCC,co2 ch4 n2o sf6 13ch4 13co2 c18o2 co h2,EXCLUDED,NOT_HOURLY,global_cohort_v1_gap_rule_20260814,NOT_ACQUIRED,NOT_HOURLY
CH4,WES6010,0071-6010-1002-01-01-9999,True,False,True,True,False,True,Westerland,6010,GERMANY,0-20008-0-WES,UBAG,54.923142,8.308017,12,REGION VI (Europe),GAW Contributing networks,fixed station,Operational,UBAG ICOS,co2 ch4 co,EXCLUDED,OUTSIDE_PREDECLARED_GEOGRAPHIC_GAP_RULE,global_cohort_v1_gap_rule_20260814,NOT_ACQUIRED,OUTSIDE_PREDECLARED_GEOGRAPHIC_GAP_RULE
CH4,ZGT6011,,False,False,True,True,False,True,Zingst,6011,GERMANY,0-20008-0-ZGT,UBAG,54.436637,12.724917,1,REGION VI (Europe),GAW Other elements,fixed station,Operational,UBAG,co2 ch4,EXCLUDED,AUTHENTICATION_REQUIRED_OR_LOCKED,global_cohort_v1_gap_rule_20260814,NOT_ACQUIRED,AUTHENTICATION_REQUIRED_OR_LOCKED
CH4,BSD6293,0077-6293-1002-02-01-6043,True,True,True,True,False,False,Bilsdale,6293,UNITED KINGDOM,0-20008-0-BSD,UNIVBRIS,54.359,-1.15,380,REGION VI (Europe),GAW Regional,fixed station,Non-reporting,UNIVBRIS,co2 ch4 n2o sf6 co,EXCLUDED,CLOSED_OR_NON_REPORTING,global_cohort_v1_gap_rule_20260814,NOT_ACQUIRED,CLOSED_OR_NON_REPORTING
CH4,ETL4007,0020-4007-1002-01-01-9999,True,False,True,True,False,False,East Trout Lake,4007,CANADA,0-20008-0-ETL,ECCC,54.353743,-104.986864,500,REGION IV (North and Central America),GAW Regional,fixed station,Operational,ECCC,co2 ch4 13co2 c18o2 co,EXCLUDED,OUTSIDE_PREDECLARED_GEOGRAPHIC_GAP_RULE,global_cohort_v1_gap_rule_20260814,NOT_ACQUIRED,OUTSIDE_PREDECLARED_GEOGRAPHIC_GAP_RULE
CH4,HEL6415,0162-6415-1002-01-01-9999,True,False,True,True,False,False,Helgoland,6415,GERMANY,0-276-0-HEL,ICOS,54.1804,7.8832,43,REGION VI (Europe),GAW Regional,fixed station,Operational,ICOS,co2 ch4 n2o co,EXCLUDED,OUTSIDE_PREDECLARED_GEOGRAPHIC_GAP_RULE,global_cohort_v1_gap_rule_20260814,NOT_ACQUIRED,OUTSIDE_PREDECLARED_GEOGRAPHIC_GAP_RULE
CH4,CDL4008,0020-4008-1002-01-01-9999,True,False,True,True,False,False,Candle Lake,4008,CANADA,0-20008-0-CDL,ECCC,53.987108,-105.117939,591,REGION IV (North and Central America),GAW Regional,fixed station,Closed,ECCC,co2 ch4 co,EXCLUDED,CLOSED_OR_NON_REPORTING,global_cohort_v1_gap_rule_20260814,NOT_ACQUIRED,CLOSED_OR_NON_REPORTING
CH4,LUT6420,0162-6420-1002-01-01-9999,True,False,True,True,False,False,Lutjewad,6420,NETHERLANDS,0-528-0-LUT,ICOS,53.4036,6.3528,1,REGION VI (Europe),GAW Regional,fixed station,Operational,ICOS,co2 ch4 n2o co,EXCLUDED,OUTSIDE_PREDECLARED_GEOGRAPHIC_GAP_RULE,global_cohort_v1_gap_rule_20260814,NOT_ACQUIRED,OUTSIDE_PREDECLARED_GEOGRAPHIC_GAP_RULE
CH4,KMW6015,0063-6015-1002-01-01-9999,True,False,True,True,False,False,Kollumerwaard,6015,NETHERLANDS,0-20008-0-KMW,RIVM,53.3333320618,6.2666668892,0,REGION VI (Europe),GAW Regional,fixed station,Operational,RIVM,co2 ch4 co,EXCLUDED,OUTSIDE_PREDECLARED_GEOGRAPHIC_GAP_RULE,global_cohort_v1_gap_rule_20260814,NOT_ACQUIRED,OUTSIDE_PREDECLARED_GEOGRAPHIC_GAP_RULE
CH4,MHD6016,0002-6016-1002-01-02-3001,True,True,False,False,False,False,Mace Head,6016,IRELAND,0-20008-0-MHD,NOAA,53.326614,-9.904419,8.4,REGION VI (Europe),GAW Global,fixed station,Operational,NOAA AGAGE LSCE,co2 ch4 n2o sf6 so2f2 nf3 13ch4 13co2 c18o2 ccl4 ch3ccl3 cfc113 cfc12 cfc11 cfc115 cfc114 cfc13 hcfc141b hcfc142b hcfc22 hcfc124 hcfc132b hcfc133a hfc125 hfc23 hfc152a hfc236fa hfc245fa hfc227ea hfc365mfc hfc134a hfc143a hfc32 hfc4310mee pfc116 pfc218 pfc14 pfc318 cbrclf2 cbrf3 c2br2f4 co chcl3 ch3cl ch2cl2 ch3br c2hcl3 c2cl4 h2,EXCLUDED,NOT_HOURLY,global_cohort_v1_gap_rule_20260814,NOT_ACQUIRED,NOT_HOURLY
CH4,NGL6017,,False,False,True,True,False,True,Neuglobsow,6017,GERMANY,0-20008-0-NGL,UBAG,53.1427764893,13.0333337784,62,REGION VI (Europe),GAW Regional,fixed station,Operational,UBAG,co2 ch4 co,EXCLUDED,AUTHENTICATION_REQUIRED_OR_LOCKED,global_cohort_v1_gap_rule_20260814,NOT_ACQUIRED,AUTHENTICATION_REQUIRED_OR_LOCKED
CH4,GAT6058,0162-6058-1002-02-01-6031,True,False,True,True,False,False,Gartow,6058,GERMANY,0-20008-0-GAT,ICOS,53.065514,11.442733,69,REGION VI (Europe),GAW Regional,fixed station,Operational,ICOS,co2 ch4 n2o co,EXCLUDED,OUTSIDE_PREDECLARED_GEOGRAPHIC_GAP_RULE,global_cohort_v1_gap_rule_20260814,NOT_ACQUIRED,OUTSIDE_PREDECLARED_GEOGRAPHIC_GAP_RULE
CH4,STE6422,0162-6422-1002-02-01-6033,True,False,True,True,False,False,Steinkimmen,6422,GERMANY,0-20008-0-STE,ICOS,53.043081,8.458761,29,REGION VI (Europe),GAW Regional,fixed station,Operational,ICOS,co2 ch4 n2o co,EXCLUDED,OUTSIDE_PREDECLARED_GEOGRAPHIC_GAP_RULE,global_cohort_v1_gap_rule_20260814,NOT_ACQUIRED,OUTSIDE_PREDECLARED_GEOGRAPHIC_GAP_RULE
CH4,WAO6391,0162-6391-1002-01-01-9999,True,False,True,True,False,False,Weybourne Atmospheric Observatory,6391,UNITED KINGDOM,0-20008-0-WAO,ICOS,52.957,1.128,21,REGION VI (Europe),GAW Regional,fixed station,Operational,ICOS,co2 ch4 n2o co,EXCLUDED,OUTSIDE_PREDECLARED_GEOGRAPHIC_GAP_RULE,global_cohort_v1_gap_rule_20260814,NOT_ACQUIRED,OUTSIDE_PREDECLARED_GEOGRAPHIC_GAP_RULE
CH4,SHM4009,0002-4009-1002-01-02-3001,True,True,False,False,False,False,Shemya Island,4009,UNITED STATES,0-20008-0-SHM,NOAA,52.7200012207,174.1000061035,40,REGION IV (North and Central America),GAW Regional,fixed station,Operational,NOAA,co2 ch4 n2o sf6 13co2 c18o2 co h2,EXCLUDED,NOT_HOURLY,global_cohort_v1_gap_rule_20260814,NOT_ACQUIRED,NOT_HOURLY
CH4,TAC6019,0002-6019-1002-01-02-3001,True,True,False,False,False,False,Tacolneston Tall Tower,6019,UNITED KINGDOM,0-20008-0-TAC,NOAA,52.5177,1.1386,56,REGION VI (Europe),GAW Regional,fixed station,Non-reporting,NOAA AGAGE UNIVBRIS,co2 ch4 n2o sf6 so2f2 ccl4 ch3ccl3 cfc113 cfc12 cfc11 cfc115 cfc114 cfc13 hcfc141b hcfc142b hcfc22 hcfc124 hcfc132b hcfc133a hfc125 hfc23 hfc152a hfc236fa hfc245fa hfc227ea hfc365mfc hfc134a hfc143a hfc32 hfc4310mee pfc116 pfc218 pfc14 pfc318 cbrclf2 cbrf3 c2br2f4 co chcl3 ch3cl ch2cl2 ch3br c2cl4 h2,EXCLUDED,NOT_HOURLY,global_cohort_v1_gap_rule_20260814,NOT_ACQUIRED,NOT_HOURLY
CH4,LIN6057,0162-6057-1002-02-01-6003,True,False,True,True,False,False,Lindenberg,6057,GERMANY,0-20008-0-LIN,ICOS,52.2166671753,14.1166667938,112,REGION VI (Europe),GAW Contributing networks,fixed station,Operational,ICOS,co2 ch4 n2o co,EXCLUDED,OUTSIDE_PREDECLARED_GEOGRAPHIC_GAP_RULE,global_cohort_v1_gap_rule_20260814,NOT_ACQUIRED,OUTSIDE_PREDECLARED_GEOGRAPHIC_GAP_RULE
CH4,RGL6020,0162-6020-1002-02-01-6046,True,False,True,True,False,False,Ridge Hill,6020,UNITED KINGDOM,0-20008-0-RGL,ICOS,51.9975585938,-2.5400300026,204,REGION VI (Europe),GAW Regional,fixed station,Operational,UNIVBRIS ICOS,co2 ch4 n2o sf6 co,EXCLUDED,OUTSIDE_PREDECLARED_GEOGRAPHIC_GAP_RULE,global_cohort_v1_gap_rule_20260814,NOT_ACQUIRED,OUTSIDE_PREDECLARED_GEOGRAPHIC_GAP_RULE
CH4,CBW6117,0162-6117-1002-02-01-6028,True,False,True,True,False,False,Cesar (Cabauw),6117,NETHERLANDS,0-20008-0-CES,ICOS,51.9710006714,4.9270000458,-1,REGION VI (Europe),GAW Regional,fixed station,Operational,ICOS,co2 ch4 n2o co,EXCLUDED,OUTSIDE_PREDECLARED_GEOGRAPHIC_GAP_RULE,global_cohort_v1_gap_rule_20260814,NOT_ACQUIRED,OUTSIDE_PREDECLARED_GEOGRAPHIC_GAP_RULE
CH4,TOH6064,0162-6064-1002-02-01-6011,True,False,True,True,False,False,Torfhaus,6064,GERMANY,0-20008-0-TOH,ICOS,51.808844,10.53495,801,REGION VI (Europe),GAW Regional,fixed station,Operational,ICOS,co2 ch4 n2o co,EXCLUDED,OUTSIDE_PREDECLARED_GEOGRAPHIC_GAP_RULE,global_cohort_v1_gap_rule_20260814,NOT_ACQUIRED,OUTSIDE_PREDECLARED_GEOGRAPHIC_GAP_RULE
CH4,EST4178,0020-4178-1002-01-01-9999,True,False,True,True,False,False,Esther,4178,CANADA,0-20008-0-EST,ECCC,51.67055,-110.206325,707,REGION IV (North and Central America),GAW Regional,fixed station,Operational,ECCC,co2 ch4,EXCLUDED,OUTSIDE_PREDECLARED_GEOGRAPHIC_GAP_RULE,global_cohort_v1_gap_rule_20260814,NOT_ACQUIRED,OUTSIDE_PREDECLARED_GEOGRAPHIC_GAP_RULE
CH4,HFD6419,0154-6419-1002-02-01-6051,True,True,True,True,False,False,Heathfield,6419,UNITED KINGDOM,0-20008-0-HFD,NPL,50.976667,0.230556,160,REGION VI (Europe),GAW Regional,fixed station,Operational,NPL,co2 ch4 n2o sf6 13ch4 ch3d co 222rn,EXCLUDED,OUTSIDE_PREDECLARED_GEOGRAPHIC_GAP_RULE,global_cohort_v1_gap_rule_20260814,NOT_ACQUIRED,OUTSIDE_PREDECLARED_GEOGRAPHIC_GAP_RULE
CH4,JUE6421,0162-6421-1002-02-01-6051,True,False,True,True,False,False,Jülich,6421,GERMANY,0-20008-0-JUE,ICOS,50.910197,6.409614,98,REGION VI (Europe),GAW Regional,fixed station,Operational,ICOS,co2 ch4 n2o co,EXCLUDED,OUTSIDE_PREDECLARED_GEOGRAPHIC_GAP_RULE,global_cohort_v1_gap_rule_20260814,NOT_ACQUIRED,OUTSIDE_PREDECLARED_GEOGRAPHIC_GAP_RULE
CH4,BRA4218,0020-4218-1002-01-01-9999,True,False,True,True,False,False,Bratt's Lake,4218,CANADA,0-20008-0-BRA,ECCC,50.201631,-104.711259,580,REGION IV (North and Central America),GAW Regional,fixed station,Operational,ECCC,co2 ch4,EXCLUDED,OUTSIDE_PREDECLARED_GEOGRAPHIC_GAP_RULE,global_cohort_v1_gap_rule_20260814,NOT_ACQUIRED,OUTSIDE_PREDECLARED_GEOGRAPHIC_GAP_RULE
CH4,OXK6022,0002-6022-1002-01-02-3001,True,True,False,False,False,False,Ochsenkopf,6022,GERMANY,0-20008-0-OXK,NOAA,50.0301,11.8084,1185,REGION VI (Europe),GAW Contributing networks,fixed station,Operational,NOAA ICOS,co2 ch4 n2o sf6 13co2 c18o2 co h2,EXCLUDED,NOT_HOURLY,global_cohort_v1_gap_rule_20260814,NOT_ACQUIRED,NOT_HOURLY
CH4,FSD4011,0020-4011-1002-01-01-9999,True,False,True,True,False,False,Fraserdale,4011,CANADA,0-20008-0-FSD,ECCC,49.8400001526,-81.5166702271,210,REGION IV (North and Central America),GAW Regional,fixed station,Operational,ECCC,co2 ch4 13co2 c18o2 co,EXCLUDED,OUTSIDE_PREDECLARED_GEOGRAPHIC_GAP_RULE,global_cohort_v1_gap_rule_20260814,NOT_ACQUIRED,OUTSIDE_PREDECLARED_GEOGRAPHIC_GAP_RULE
CH4,CPS4245,0020-4245-1002-01-01-9999,True,False,True,True,False,False,Chapais,4245,CANADA,0-20008-0-CPS,ECCC,49.821583,-74.974551,383,REGION IV (North and Central America),GAW Regional,fixed station,Operational,ECCC,co2 ch4,EXCLUDED,OUTSIDE_PREDECLARED_GEOGRAPHIC_GAP_RULE,global_cohort_v1_gap_rule_20260814,NOT_ACQUIRED,OUTSIDE_PREDECLARED_GEOGRAPHIC_GAP_RULE
CH4,DEU6023,,False,False,True,True,False,True,Deuselbach,6023,GERMANY,0-20008-0-DEU,UBAG,49.7666664124,7.0500001907,480,REGION VI (Europe),GAW Other elements,fixed station,Closed,UBAG,co2 ch4,EXCLUDED,AUTHENTICATION_REQUIRED_OR_LOCKED,global_cohort_v1_gap_rule_20260814,NOT_ACQUIRED,AUTHENTICATION_REQUIRED_OR_LOCKED
CH4,CHM4012,0020-4012-1002-01-01-9999,True,False,True,True,False,False,Chibougamau,4012,CANADA,0-20008-0-CHM,ECCC,49.69251,-74.342296,383,REGION IV (North and Central America),GAW Regional,fixed station,Closed,ECCC,co2 ch4 co,EXCLUDED,CLOSED_OR_NON_REPORTING,global_cohort_v1_gap_rule_20260814,NOT_ACQUIRED,CLOSED_OR_NON_REPORTING
CH4,KOS6024,,False,True,False,False,False,False,Kosetice Observatory,6024,CZECH REPUBLIC,0-20008-0-KOS,CHMI,49.5833320618,15.0833330154,534,REGION VI (Europe),GAW Regional,fixed station,Operational,CHMI,ch4 co,EXCLUDED,NOT_HOURLY,global_cohort_v1_gap_rule_20260814,NOT_ACQUIRED,NOT_HOURLY
CH4,KRE6379,0162-6379-1002-02-01-6011,True,False,True,True,False,False,Kresin u Pacova,6379,CZECH REPUBLIC,0-20008-0-KRE,ICOS,49.58333,15.08333,534,REGION VI (Europe),GAW Contributing networks,fixed station,Operational,ICOS,co2 ch4 n2o co,EXCLUDED,OUTSIDE_PREDECLARED_GEOGRAPHIC_GAP_RULE,global_cohort_v1_gap_rule_20260814,NOT_ACQUIRED,OUTSIDE_PREDECLARED_GEOGRAPHIC_GAP_RULE
CH4,ESP4013,0016-4013-1002-01-02-9999,True,True,False,False,False,False,Estevan Point,4013,CANADA,0-20008-0-ESP,CSIRO,49.382935,-126.544097,7,REGION IV (North and Central America),GAW Regional,fixed station,Operational,CSIRO ECCC,co2 ch4 n2o 13co2 c18o2 co h2,EXCLUDED,NOT_HOURLY,global_cohort_v1_gap_rule_20260814,NOT_ACQUIRED,NOT_HOURLY
CH4,KAS6445,0163-6445-1002-01-01-9999,True,True,True,True,False,False,Kasprowy Wierch,6445,POLAND,0-616-0-KAS,AGH,49.2325,19.9818,1989,REGION VI (Europe),GAW Regional,fixed station,Operational,AGH,co2 ch4 co,EXCLUDED,OUTSIDE_PREDECLARED_GEOGRAPHIC_GAP_RULE,global_cohort_v1_gap_rule_20260814,NOT_ACQUIRED,OUTSIDE_PREDECLARED_GEOGRAPHIC_GAP_RULE
CH4,KIT6084,0162-6084-1002-02-01-6031,True,False,True,True,False,False,Karlsruhe,6084,GERMANY,0-20008-0-KIT,ICOS,49.0999984741,8.4379997253,111,REGION VI (Europe),GAW Contributing networks,fixed station,Operational,ICOS,co2 ch4 n2o co,EXCLUDED,OUTSIDE_PREDECLARED_GEOGRAPHIC_GAP_RULE,global_cohort_v1_gap_rule_20260814,NOT_ACQUIRED,OUTSIDE_PREDECLARED_GEOGRAPHIC_GAP_RULE
CH4,LPO6026,,False,True,False,False,False,False,Ile Grande,6026,FRANCE,0-20008-0-LPO,LSCE,48.8036003113,-3.5838999748,20,REGION VI (Europe),GAW Other elements,fixed station,Non-reporting,LSCE,co2 ch4,EXCLUDED,NOT_HOURLY,global_cohort_v1_gap_rule_20260814,NOT_ACQUIRED,NOT_HOURLY
CH4,SAC6423,0162-6423-1002-02-01-6016,True,False,True,True,False,False,Saclay,6423,FRANCE,0-250-0-SAC,ICOS,48.7227,2.142,160,REGION VI (Europe),GAW Contributing networks,fixed station,Operational,ICOS,co2 ch4 n2o co,EXCLUDED,OUTSIDE_PREDECLARED_GEOGRAPHIC_GAP_RULE,global_cohort_v1_gap_rule_20260814,NOT_ACQUIRED,OUTSIDE_PREDECLARED_GEOGRAPHIC_GAP_RULE
CH4,OPE6437,0162-6437-1002-02-01-6011,True,False,True,True,False,False,Observatoire Pérenne de l'Environnement,6437,FRANCE,0-250-0-OPE,ICOS,48.5619,5.5036,390,REGION VI (Europe),GAW Regional,fixed station,Operational,ICOS,co2 ch4 n2o co,EXCLUDED,OUTSIDE_PREDECLARED_GEOGRAPHIC_GAP_RULE,global_cohort_v1_gap_rule_20260814,NOT_ACQUIRED,OUTSIDE_PREDECLARED_GEOGRAPHIC_GAP_RULE
CH4,OPW4014,0002-4014-1002-01-02-3001,True,True,False,False,False,False,Olympic Peninsula (WA),4014,UNITED STATES,0-20008-0-OPW,NOAA,48.25,-124.4199981689,488,REGION IV (North and Central America),GAW Regional,fixed station,Closed,NOAA,co2 ch4,EXCLUDED,NOT_HOURLY,global_cohort_v1_gap_rule_20260814,NOT_ACQUIRED,NOT_HOURLY
CH4,TRN6232,0162-6232-1002-02-01-6006,True,False,True,True,False,False,Trainou (Orléans),6232,FRANCE,0-20008-0-TRN,ICOS,47.9646987915,2.1124999523,131,REGION VI (Europe),GAW Contributing networks,fixed station,Operational,ICOS,co2 ch4 n2o co,EXCLUDED,OUTSIDE_PREDECLARED_GEOGRAPHIC_GAP_RULE,global_cohort_v1_gap_rule_20260814,NOT_ACQUIRED,OUTSIDE_PREDECLARED_GEOGRAPHIC_GAP_RULE
CH4,SSL6027,0071-6027-1002-01-01-9999,True,False,True,True,False,True,Schauinsland,6027,GERMANY,0-20008-0-SSL,UBAG,47.9000015259,7.9166665077,1205,REGION VI (Europe),GAW Regional,fixed station,Operational,UBAG ICOS,co2 ch4 n2o sf6 co,EXCLUDED,OUTSIDE_PREDECLARED_GEOGRAPHIC_GAP_RULE,global_cohort_v1_gap_rule_20260814,NOT_ACQUIRED,OUTSIDE_PREDECLARED_GEOGRAPHIC_GAP_RULE
CH4,HPB6028,0002-6028-1002-01-02-3001,True,True,False,False,False,False,Hohenpeissenberg,6028,GERMANY,0-20008-0-HPB,NOAA,47.8014984131,11.0096197128,985,REGION VI (Europe),GAW Global,fixed station,Operational,NOAA DWD ICOS,co2 ch4 n2o sf6 13co2 c18o2 co h2 222rn,EXCLUDED,NOT_HOURLY,global_cohort_v1_gap_rule_20260814,NOT_ACQUIRED,NOT_HOURLY
CH4,ZUG6030,0071-6030-1002-01-01-9999,True,False,True,True,False,True,Zugspitze-Gipfel,6030,GERMANY,0-20008-0-ZUG,UBAG,47.421075,10.985896,2962,REGION VI (Europe),GAW Global,fixed station,Operational,IMKIFU UBAG,co2 ch4 co,SELECTED_FOR_ACQUISITION,Operational hourly accessible product; global or geographic-gap rule,global_cohort_v1_gap_rule_20260814,ACQUIRED_NOT_FINAL,coverage threshold not met or parser result unresolved
CH4,ZSF6031,0071-6031-1002-01-01-9999,True,False,True,True,False,True,Zugspitze-Schneefernerhaus,6031,GERMANY,0-20008-0-ZSF,UBAG,47.4165,10.97964,2666,REGION VI (Europe),GAW Global,fixed station,Operational,DWD UBAG ICOS,co2 ch4 n2o sf6 co 222rn 7be,SELECTED_FOR_ACQUISITION,Operational hourly accessible product; global or geographic-gap rule,global_cohort_v1_gap_rule_20260814,FINAL_COHORT,passes chosen coverage rule
CH4,SNB6032,0072-6032-1002-01-01-9999,True,False,True,True,False,False,SONNBLICK Observatory,6032,AUSTRIA,0-20000-0-11343,UBAA,47.054018786,12.9576927483,3106,REGION VI (Europe),GAW Global,fixed station,Operational,UBAA,co2 ch4 co,SELECTED_FOR_ACQUISITION,Operational hourly accessible product; global or geographic-gap rule,global_cohort_v1_gap_rule_20260814,FINAL_COHORT,passes chosen coverage rule
CH4,HUN6034,0002-6034-1002-01-02-3001,True,True,False,False,False,False,Hegyhátsál háttérszennyettség-mérő állomás,6034,HUNGARY,0-348-4-16307,NOAA,46.9559,16.6521,248,REGION VI (Europe),GAW Regional,fixed station,Operational,NOAA ATOMKI ICOS,co2 ch4 n2o sf6 13co2 c18o2 co h2,EXCLUDED,NOT_HOURLY,global_cohort_v1_gap_rule_20260814,NOT_ACQUIRED,NOT_HOURLY
CH4,JFJ6036,0023-6036-1002-01-01-9999,True,False,True,True,False,True,Jungfraujoch,6036,SWITZERLAND,0-20008-0-JFJ,Empa,46.5474891663,7.9850897789,3580,REGION VI (Europe),GAW Global,fixed station,Operational,AGAGE Empa KUP ICOS,co2 ch4 n2o sf6 so2f2 nf3 ccl4 ch3ccl3 cfc113 cfc12 cfc11 cfc115 cfc114 cfc13 hcfc141b hcfc142b hcfc22 hcfc124 hcfc132b hcfc133a hfc125 hfc23 hfc152a hfc236fa hfc245fa hfc227ea hfc365mfc hfc134a hfc143a hfc32 hfc4310mee pfc116 pfc218 pfc14 pfc318 cbrclf2 cbrf3 c2br2f4 co chcl3 ch3cl ch2cl2 ch3br c2hcl3 c2cl4,SELECTED_FOR_ACQUISITION,Operational hourly accessible product; global or geographic-gap rule,global_cohort_v1_gap_rule_20260814,FINAL_COHORT,passes chosen coverage rule
CH4,PRS6039,,False,False,True,True,False,False,Plateau Rosa,6039,ITALY,0-20008-0-PRS,RSE,45.9353408813,7.7073101997,3480,REGION VI (Europe),GAW Regional,fixed station,Operational,RSE ICOS,co2 ch4 co,EXCLUDED,AUTHENTICATION_REQUIRED_OR_LOCKED,global_cohort_v1_gap_rule_20260814,NOT_ACQUIRED,AUTHENTICATION_REQUIRED_OR_LOCKED
CH4,LEF4015,0002-4015-1002-01-02-3001,True,True,False,False,False,False,Park Falls (WI),4015,UNITED STATES,0-20008-0-LEF,NOAA,45.9300003052,-90.2699966431,868,REGION IV (North and Central America),GAW Regional,fixed station,Operational,NOAA,co2 ch4 n2o sf6 13co2 c18o2 ccl4 ch3ccl3 cfc113 cfc12 cfc11 hcfc141b hcfc142b hcfc22 hfc125 hfc152a hfc227ea hfc365mfc hfc134a hfc143a hfc32 cbrclf2 cbrf3 c2br2f4 co ch3cl ch2cl2 ch3br c2cl4 h2,EXCLUDED,NOT_HOURLY,global_cohort_v1_gap_rule_20260814,NOT_ACQUIRED,NOT_HOURLY
CH4,IPR6272,0162-6272-1002-02-01-6041,True,False,True,True,False,False,Ispra,6272,ITALY,0-20008-0-IPR,ICOS,45.8030014038,8.626999855,209,REGION VI (Europe),GAW Regional,fixed station,Operational,ICOS,co2 ch4 n2o co,EXCLUDED,OUTSIDE_PREDECLARED_GEOGRAPHIC_GAP_RULE,global_cohort_v1_gap_rule_20260814,NOT_ACQUIRED,OUTSIDE_PREDECLARED_GEOGRAPHIC_GAP_RULE
CH4,PUY6040,,False,False,True,False,False,False,Puy de Dôme,6040,FRANCE,0-20008-0-PUY,LSCE,45.7723,2.9658,1465,REGION VI (Europe),GAW Global,fixed station,Operational,LAMP LSCE ICOS,co2 ch4 n2o co,EXCLUDED,AUTHENTICATION_REQUIRED_OR_LOCKED,global_cohort_v1_gap_rule_20260814,NOT_ACQUIRED,AUTHENTICATION_REQUIRED_OR_LOCKED
CH4,AMT4017,0002-4017-1002-01-02-3001,True,True,False,False,False,False,Argyle (ME),4017,UNITED STATES,0-20008-0-AMT,NOAA,45.0299987793,-68.6800003052,50,REGION IV (North and Central America),GAW Other elements,fixed station,Non-reporting,NOAA,ch4 n2o sf6 13co2 c18o2 co,EXCLUDED,NOT_HOURLY,global_cohort_v1_gap_rule_20260814,NOT_ACQUIRED,NOT_HOURLY
CH4,CMO4016,0002-4016-1002-01-02-3001,True,True,False,False,False,False,Cape Meares (OR),4016,UNITED STATES,0-20008-0-CMO,NOAA,45,-124,30,REGION IV (North and Central America),GAW Regional,fixed station,Closed,NOAA AGAGE,co2 ch4 n2o 13co2 c18o2 ccl4 ch3ccl3 cfc113 cfc12 cfc11 co,EXCLUDED,NOT_HOURLY,global_cohort_v1_gap_rule_20260814,NOT_ACQUIRED,NOT_HOURLY
CH4,KZD2005,0002-2005-1002-01-02-3001,True,True,False,False,False,False,Sary Taukum,2005,KAZAKHSTAN,0-20008-0-KZD,NOAA,44.4500007629,77.5699996948,412,REGION II (Asia),GAW Regional,fixed station,Non-reporting,NOAA,co2 ch4 n2o sf6 13co2 c18o2 co,EXCLUDED,NOT_HOURLY,global_cohort_v1_gap_rule_20260814,NOT_ACQUIRED,NOT_HOURLY
CH4,UUM2004,0002-2004-1002-01-02-3001,True,True,False,False,False,False,Ulaan Uul,2004,MONGOLIA,0-20008-0-UUM,NOAA,44.444,111.0861,992,REGION II (Asia),GAW Regional,fixed station,Operational,NOAA,co2 ch4 n2o sf6 13co2 c18o2 co h2,EXCLUDED,NOT_HOURLY,global_cohort_v1_gap_rule_20260814,NOT_ACQUIRED,NOT_HOURLY
CH4,EGB4018,0020-4018-1002-01-01-9999,True,False,True,True,False,False,Egbert,4018,CANADA,0-20008-0-EGB,ECCC,44.231006,-79.783839,255,REGION IV (North and Central America),GAW Regional,fixed station,Operational,ECCC,co2 ch4 co,EXCLUDED,OUTSIDE_PREDECLARED_GEOGRAPHIC_GAP_RULE,global_cohort_v1_gap_rule_20260814,NOT_ACQUIRED,OUTSIDE_PREDECLARED_GEOGRAPHIC_GAP_RULE
CH4,CMN6042,0029-6042-1002-01-01-9999,True,False,True,True,False,True,Monte Cimone,6042,ITALY,0-20008-0-CMN,IAFMS,44.193425,10.700963,2165,REGION VI (Europe),GAW Global,fixed station,Operational,AGAGE IAFMS ISAC UNIURB ICOS,co2 ch4 n2o sf6 so2f2 nf3 ccl4 ch3ccl3 cfc12 cfc11 cfc115 cfc114 cfc13 hcfc141b hcfc142b hcfc22 hcfc124 hcfc132b hcfc133a hfc125 hfc23 hfc152a hfc236fa hfc245fa hfc227ea hfc365mfc hfc134a hfc143a hfc32 hfc4310mee pfc116 pfc218 pfc14 pfc318 cbrclf2 cbrf3 c2br2f4 co chcl3 ch3cl ch2cl2 ch3br c2cl4 h2,SELECTED_FOR_ACQUISITION,Operational hourly accessible product; global or geographic-gap rule,global_cohort_v1_gap_rule_20260814,FINAL_COHORT,passes chosen coverage rule
CH4,BSC6043,0002-6043-1002-01-02-3001,True,True,False,False,False,False,Constanta (Black Sea),6043,ROMANIA,0-20008-0-BSC,NOAA,44.1699981689,28.6800003052,3,REGION VI (Europe),GAW Regional,fixed station,Non-reporting,NOAA,co2 ch4 n2o sf6 13co2 c18o2 co h2,EXCLUDED,NOT_HOURLY,global_cohort_v1_gap_rule_20260814,NOT_ACQUIRED,NOT_HOURLY
CH4,WSA4019,0020-4019-1002-01-01-9999,True,False,True,True,False,False,Sable Island,4019,CANADA,0-20008-0-WSA,ECCC,43.932638,-60.008608,2,REGION IV (North and Central America),GAW Regional,fixed station,Operational,ECCC,co2 ch4 n2o 13co2 c18o2 co,EXCLUDED,OUTSIDE_PREDECLARED_GEOGRAPHIC_GAP_RULE,global_cohort_v1_gap_rule_20260814,NOT_ACQUIRED,OUTSIDE_PREDECLARED_GEOGRAPHIC_GAP_RULE
CH4,KZM2007,0002-2007-1002-01-02-3001,True,True,False,False,False,False,Plateau Assy,2007,KAZAKHSTAN,0-20008-0-KZM,NOAA,43.25,77.8799972534,2519,REGION II (Asia),GAW Regional,fixed station,Non-reporting,NOAA,co2 ch4 n2o sf6 13co2 c18o2 co,EXCLUDED,NOT_HOURLY,global_cohort_v1_gap_rule_20260814,NOT_ACQUIRED,NOT_HOURLY
CH4,COI2008,0053-2008-1002-01-01-9999,True,False,True,True,False,False,Cape Ochiishi,2008,JAPAN,0-20008-0-COI,NIES,43.16028,145.49739,42.4,REGION II (Asia),GAW Contributing networks,fixed station,Operational,NIES,co2 ch4 n2o sf6 cfc11 hcfc141b hcfc142b hcfc22 hfc23 hfc152a hfc134a hfc32,EXCLUDED,OUTSIDE_PREDECLARED_GEOGRAPHIC_GAP_RULE,global_cohort_v1_gap_rule_20260814,NOT_ACQUIRED,OUTSIDE_PREDECLARED_GEOGRAPHIC_GAP_RULE
CH4,PDM6044,,False,True,False,False,False,False,Pic du Midi,6044,FRANCE,0-20008-0-PDM,LSCE,42.9371986389,0.1411000043,2877,REGION VI (Europe),GAW Regional,fixed station,Operational,LA LSCE,co2 ch4 co,EXCLUDED,NOT_HOURLY,global_cohort_v1_gap_rule_20260814,NOT_ACQUIRED,NOT_HOURLY
CH4,CPA2157,0155-2157-1002-01-01-9999,True,False,True,True,False,False,Cholpon-Ata,2157,KYRGYZSTAN,0-417-0-CPA,Kyrgyzhydromet,42.6369,77.0675,1613,REGION II (Asia),GAW Regional,fixed station,Operational,Kyrgyzhydromet,co2 ch4 co,EXCLUDED,OUTSIDE_PREDECLARED_GEOGRAPHIC_GAP_RULE,global_cohort_v1_gap_rule_20260814,NOT_ACQUIRED,OUTSIDE_PREDECLARED_GEOGRAPHIC_GAP_RULE
CH4,ISK2009,0041-2009-1002-01-08-9999,True,False,False,True,False,False,Issyk-Kul,2009,KYRGYZSTAN,0-20008-0-ISK,KSNU,42.6166648865,76.9833297729,1640,REGION II (Asia),GAW Regional,fixed station,Operational,KSNU,co2 ch4,EXCLUDED,NOT_HOURLY,global_cohort_v1_gap_rule_20260814,NOT_ACQUIRED,NOT_HOURLY
CH4,BGU6046,,False,True,False,False,False,False,Begur,6046,SPAIN,0-20008-0-BGU,LSCE,41.9700012207,3.2300000191,13,REGION VI (Europe),GAW Other elements,fixed station,Non-reporting,LSCE,co2 ch4,EXCLUDED,NOT_HOURLY,global_cohort_v1_gap_rule_20260814,NOT_ACQUIRED,NOT_HOURLY
CH4,THD4022,0002-4022-1002-01-02-3001,True,True,False,False,False,False,Trinidad Head (CA),4022,UNITED STATES,0-20008-0-THD,NOAA,41.0541000366,-124.1510009766,107,REGION IV (North and Central America),GAW Regional,fixed station,Operational,NOAA AGAGE,co2 ch4 n2o sf6 so2f2 nf3 13co2 c18o2 ccl4 ch3ccl3 cfc113 cfc12 cfc11 cfc115 cfc114 cfc13 hcfc141b hcfc142b hcfc22 hcfc124 hcfc132b hcfc133a hfc125 hfc23 hfc152a hfc236fa hfc245fa hfc227ea hfc365mfc hfc134a hfc143a hfc32 hfc4310mee pfc116 pfc218 pfc14 pfc318 cbrclf2 cbrf3 c2br2f4 co chcl3 ch3cl ch2cl2 ch3br c2cl4 h2,EXCLUDED,NOT_HOURLY,global_cohort_v1_gap_rule_20260814,NOT_ACQUIRED,NOT_HOURLY
CH4,SDZ2011,0002-2011-1002-01-02-3001,True,True,False,False,False,False,Shangdianzi,2011,CHINA,0-20008-0-SDZ,NOAA,40.6500015259,117.1166000366,287,REGION II (Asia),GAW Regional,fixed station,Operational,NOAA,co2 ch4 n2o sf6 13co2 c18o2 co h2,EXCLUDED,NOT_HOURLY,global_cohort_v1_gap_rule_20260814,NOT_ACQUIRED,NOT_HOURLY
CH4,ECO6055,,False,False,True,True,False,False,Lecce Environmental-Climate Observatory,6055,ITALY,0-20008-0-ECO,ISAC,40.3358,18.1245,36,REGION VI (Europe),GAW Regional,fixed station,Operational,ISAC,co2 ch4 co,EXCLUDED,AUTHENTICATION_REQUIRED_OR_LOCKED,global_cohort_v1_gap_rule_20260814,NOT_ACQUIRED,AUTHENTICATION_REQUIRED_OR_LOCKED
CH4,NWR4023,0002-4023-1002-01-02-3001,True,True,False,False,False,False,Niwot Ridge - T-van (CO),4023,UNITED STATES,0-20008-0-NWR,NOAA,40.0499992371,-105.5899963379,3523,REGION IV (North and Central America),GAW Regional,fixed station,Operational,NOAA,co2 ch4 n2o sf6 13ch4 13co2 c18o2 ccl4 ch3ccl3 cfc113 cfc12 cfc11 hcfc141b hcfc142b hcfc22 hfc125 hfc152a hfc227ea hfc365mfc hfc134a hfc143a hfc32 cbrclf2 cbrf3 c2br2f4 co ch3cl ch2cl2 ch3br c2cl4 h2 14co2,EXCLUDED,NOT_HOURLY,global_cohort_v1_gap_rule_20260814,NOT_ACQUIRED,NOT_HOURLY
CH4,UTA4024,0002-4024-1002-01-02-3001,True,True,False,False,False,False,Wendover (UT),4024,UNITED STATES,0-20008-0-UTA,NOAA,39.9000015259,-113.7200012207,1320,REGION IV (North and Central America),GAW Regional,fixed station,Operational,NOAA,co2 ch4 n2o sf6 13co2 c18o2 co h2,EXCLUDED,NOT_HOURLY,global_cohort_v1_gap_rule_20260814,NOT_ACQUIRED,NOT_HOURLY
CH4,CUR6056,,False,False,True,False,False,False,Monte Curcio,6056,ITALY,0-20008-0-CUR,IIA,39.315972,16.42325,1796,REGION VI (Europe),GAW Regional,fixed station,Operational,IIA,co2 ch4 co,EXCLUDED,AUTHENTICATION_REQUIRED_OR_LOCKED,global_cohort_v1_gap_rule_20260814,NOT_ACQUIRED,AUTHENTICATION_REQUIRED_OR_LOCKED
CH4,RYO2012,0001-2012-1002-01-01-9999,True,False,True,True,False,True,Ryori,2012,JAPAN,0-20008-0-RYO,JMA,39.0319,141.8222,260,REGION II (Asia),GAW Regional,fixed station,Operational,JMA AIST MRI,co2 ch4 n2o ccl4 ch3ccl3 cfc113 cfc12 cfc11 co 222rn o2n2,EXCLUDED,OUTSIDE_PREDECLARED_GEOGRAPHIC_GAP_RULE,global_cohort_v1_gap_rule_20260814,NOT_ACQUIRED,OUTSIDE_PREDECLARED_GEOGRAPHIC_GAP_RULE
CH4,PTA4025,0002-4025-1002-01-02-3001,True,True,False,False,False,False,Point Arena (CA),4025,UNITED STATES,0-20008-0-PTA,NOAA,38.9500007629,-123.7300033569,17,REGION IV (North and Central America),GAW Regional,fixed station,Non-reporting,NOAA,co2 ch4 n2o sf6 13co2 c18o2 co h2,EXCLUDED,NOT_HOURLY,global_cohort_v1_gap_rule_20260814,NOT_ACQUIRED,NOT_HOURLY
CH4,LMT6054,,False,False,True,True,False,True,Lamezia Terme,6054,ITALY,0-20008-0-LMT,ISAC,38.8763,16.2322,6,REGION VI (Europe),GAW Regional,fixed station,Operational,ISAC,co2 ch4 co,EXCLUDED,AUTHENTICATION_REQUIRED_OR_LOCKED,global_cohort_v1_gap_rule_20260814,NOT_ACQUIRED,AUTHENTICATION_REQUIRED_OR_LOCKED
CH4,AZR6047,0002-6047-1002-01-02-3001,True,True,False,False,False,False,Serreta (Terceira),6047,PORTUGAL,0-20008-0-AZR,NOAA,38.7700004578,-27.3799991608,40,REGION VI (Europe),GAW Regional,fixed station,Operational,NOAA,co2 ch4 n2o sf6 13ch4 13co2 c18o2 co h2,EXCLUDED,NOT_HOURLY,global_cohort_v1_gap_rule_20260814,NOT_ACQUIRED,NOT_HOURLY
CH4,MDN6418,,False,True,False,False,False,True,Madonie - Piano Battaglia,6418,ITALY,0-380-0-MDN,ENEA,37.880311,14.025635,1650,REGION VI (Europe),GAW Regional,fixed station,Operational,ENEA,co2 ch4,EXCLUDED,NOT_HOURLY,global_cohort_v1_gap_rule_20260814,NOT_ACQUIRED,NOT_HOURLY
CH4,CGR6048,0037-6048-1002-01-01-9999,True,False,True,True,False,False,Capo Granitola,6048,ITALY,0-20008-0-CGR,ISAC,37.571111,12.659722,5,REGION VI (Europe),GAW Regional,fixed station,Operational,ISAC,co2 ch4 co,EXCLUDED,OUTSIDE_PREDECLARED_GEOGRAPHIC_GAP_RULE,global_cohort_v1_gap_rule_20260814,NOT_ACQUIRED,OUTSIDE_PREDECLARED_GEOGRAPHIC_GAP_RULE
CH4,ULD2159,,False,False,True,True,False,True,Ulleungdo,2159,"KOREA, REPUBLIC OF",0-410-0-ULD,KMA,37.48,130.9,220.9,REGION II (Asia),GAW Regional,fixed station,Operational,KMA,co2 ch4 n2o sf6,EXCLUDED,AUTHENTICATION_REQUIRED_OR_LOCKED,global_cohort_v1_gap_rule_20260814,NOT_ACQUIRED,AUTHENTICATION_REQUIRED_OR_LOCKED
CH4,TAP2013,0002-2013-1002-01-02-3001,True,True,False,False,False,False,Tae-ahn Peninsula,2013,"KOREA, REPUBLIC OF",0-20008-0-TAP,NOAA,36.7299995422,126.1299972534,20,REGION II (Asia),GAW Regional,fixed station,Operational,NOAA,co2 ch4 n2o sf6 13ch4 13co2 c18o2 co h2,EXCLUDED,NOT_HOURLY,global_cohort_v1_gap_rule_20260814,NOT_ACQUIRED,NOT_HOURLY
CH4,SGP4026,0002-4026-1002-01-02-3001,True,True,False,False,False,False,Southern Great Plains E13 (OK),4026,UNITED STATES,0-20008-0-SGP,NOAA,36.5999984741,-97.5,318,REGION IV (North and Central America),GAW Contributing networks,fixed station,Operational,NOAA,co2 ch4 n2o sf6 13co2 c18o2 co h2,EXCLUDED,NOT_HOURLY,global_cohort_v1_gap_rule_20260814,NOT_ACQUIRED,NOT_HOURLY
CH4,AMY2014,0002-2014-1002-01-02-3001,True,True,False,False,False,False,Anmyeon-do,2014,"KOREA, REPUBLIC OF",0-20008-0-AMY,NOAA,36.5386,126.33,42,REGION II (Asia),GAW Regional,fixed station,Operational,NOAA KMA,co2 ch4 n2o sf6 13ch4 cfc113 cfc12 cfc11 hfc125 hfc143a hfc32 cbrf3 co h2,EXCLUDED,NOT_HOURLY,global_cohort_v1_gap_rule_20260814,NOT_ACQUIRED,NOT_HOURLY
CH4,WLG2015,0002-2015-1002-01-02-3001,True,True,False,False,False,False,Mt. Waliguan,2015,CHINA,0-20008-0-WLG,NOAA,36.2874984741,100.8963012695,3810,REGION II (Asia),GAW Global,fixed station,Operational,NOAA CMA,co2 ch4 n2o sf6 13ch4 13co2 c18o2 co h2,EXCLUDED,NOT_HOURLY,global_cohort_v1_gap_rule_20260814,NOT_ACQUIRED,NOT_HOURLY
CH4,GLH6049,,False,False,True,True,False,True,Giordan Lighthouse,6049,MALTA,0-20008-0-GLH,UMLT,36.0722,14.2184,167,REGION VI (Europe),GAW Regional,fixed station,Operational,UMLT,co2 ch4 co 222rn,EXCLUDED,AUTHENTICATION_REQUIRED_OR_LOCKED,global_cohort_v1_gap_rule_20260814,NOT_ACQUIRED,AUTHENTICATION_REQUIRED_OR_LOCKED
CH4,TKB2018,0048-2018-1002-01-01-9999,True,True,False,True,False,True,Tateno (Tsukuba),2018,JAPAN,0-20008-0-TKB,MRI,36.0581,140.1258,25.2,REGION II (Asia),GAW Regional,fixed station,Operational,MRI,co2 ch4,EXCLUDED,NOT_HOURLY,global_cohort_v1_gap_rule_20260814,NOT_ACQUIRED,NOT_HOURLY
CH4,GOZ6050,0002-6050-1002-01-02-3001,True,True,False,False,False,False,Dwejra Point,6050,MALTA,0-20008-0-GOZ,NOAA,36.0499992371,14.1800003052,30,REGION VI (Europe),GAW Regional,fixed station,Closed,NOAA,co2 ch4 13co2 c18o2 co,EXCLUDED,NOT_HOURLY,global_cohort_v1_gap_rule_20260814,NOT_ACQUIRED,NOT_HOURLY
CH4,LMP6051,0002-6051-1002-01-02-3001,True,True,False,False,False,False,Lampedusa,6051,ITALY,0-20008-0-LMP,NOAA,35.5182,12.6305,45,REGION VI (Europe),GAW Regional,fixed station,Operational,NOAA ENEA ICOS,co2 ch4 n2o sf6 13co2 c18o2 ccl4 ch3ccl3 cfc113 cfc12 cfc11 hcfc141b hcfc142b hcfc22 hfc134a cbrclf2 cbrf3 co chcl3 ch3cl ch2cl2 ch3i ch3br ch2br2 h2,EXCLUDED,NOT_HOURLY,global_cohort_v1_gap_rule_20260814,NOT_ACQUIRED,NOT_HOURLY
CH4,ITN4027,0002-4027-1002-01-02-3001,True,True,False,False,False,False,Grifton - Georgia Station (NC),4027,UNITED STATES,0-20008-0-ITN,NOAA,35.3499984741,-77.3799972534,505,REGION IV (North and Central America),GAW Regional,fixed station,Operational,NOAA,ch4 n2o sf6 13co2 c18o2 ccl4 ch3ccl3 cfc113 cfc12 cfc11 co,EXCLUDED,NOT_HOURLY,global_cohort_v1_gap_rule_20260814,NOT_ACQUIRED,NOT_HOURLY
CH4,FKL6052,,False,True,False,False,False,False,Finokalia,6052,GREECE,0-20008-0-FKL,LSCE,35.3377990723,25.6693992615,150,REGION VI (Europe),GAW Other elements,fixed station,Operational,LSCE,co2 ch4,EXCLUDED,NOT_HOURLY,global_cohort_v1_gap_rule_20260814,NOT_ACQUIRED,NOT_HOURLY
CH4,GSN2025,,False,False,True,True,False,True,Jeju Gosan,2025,"KOREA, REPUBLIC OF",0-20008-0-GSN,KMA,33.29382,126.16283,71.39,REGION II (Asia),GAW Regional,fixed station,Operational,AGAGE KMA GERC METRI,co2 ch4 n2o sf6 so2f2 ccl4 ch3ccl3 cfc113 cfc12 cfc11 cfc115 cfc114 cfc13 hcfc141b hcfc142b hcfc22 hcfc132b hcfc133a hfc125 hfc23 hfc152a hfc134a hfc143a hfc32 pfc116 pfc218 pfc14 pfc318 cbrclf2 cbrf3 c2br2f4 co chcl3 ch3cl ch2cl2 ch3br,EXCLUDED,AUTHENTICATION_REQUIRED_OR_LOCKED,global_cohort_v1_gap_rule_20260814,NOT_ACQUIRED,AUTHENTICATION_REQUIRED_OR_LOCKED
CH4,SIO4028,0002-4028-1002-01-02-3001,True,True,False,False,False,False,La Jolla (CA),4028,UNITED STATES,0-20008-0-SIO,NOAA,32.8300018311,-117.2699966431,14,REGION IV (North and Central America),GAW Regional,fixed station,Closed,NOAA,ch4,EXCLUDED,NOT_HOURLY,global_cohort_v1_gap_rule_20260814,NOT_ACQUIRED,NOT_HOURLY
CH4,BME4029,0002-4029-1002-01-02-3001,True,True,False,False,False,False,St. David's Head,4029,UNITED KINGDOM,0-20008-0-BME,NOAA,32.3699989319,-64.6500015259,30,REGION IV (North and Central America),GAW Regional,fixed station,Closed,NOAA,co2 ch4 n2o sf6 13co2 c18o2 co h2,EXCLUDED,NOT_HOURLY,global_cohort_v1_gap_rule_20260814,NOT_ACQUIRED,NOT_HOURLY
CH4,BMW4030,0002-4030-1002-01-02-3001,True,True,False,False,False,False,Tudor Hill (Bermuda),4030,UNITED KINGDOM,0-20008-0-BMW,NOAA,32.2700004578,-64.8799972534,30,REGION IV (North and Central America),GAW Regional,fixed station,Operational,NOAA,co2 ch4 n2o sf6 13co2 c18o2 co h2,EXCLUDED,NOT_HOURLY,global_cohort_v1_gap_rule_20260814,NOT_ACQUIRED,NOT_HOURLY
CH4,KPA4031,0002-4031-1002-01-02-3001,True,True,False,False,False,False,Kitt Peak (AZ),4031,UNITED STATES,0-20008-0-KPA,NOAA,31.9699993134,-111.5999984741,2083,REGION IV (North and Central America),GAW Regional,fixed station,Closed,NOAA,ch4,EXCLUDED,NOT_HOURLY,global_cohort_v1_gap_rule_20260814,NOT_ACQUIRED,NOT_HOURLY
CH4,WKT4032,0002-4032-1002-01-02-3001,True,True,False,False,False,False,Moody (TX),4032,UNITED STATES,0-20008-0-WKT,NOAA,31.3199996948,-97.6200027466,723,REGION IV (North and Central America),GAW Regional,fixed station,Non-reporting,NOAA,ch4 n2o sf6 13co2 c18o2 co h2,EXCLUDED,NOT_HOURLY,global_cohort_v1_gap_rule_20260814,NOT_ACQUIRED,NOT_HOURLY
CH4,WIS6053,0002-6053-1002-01-02-3001,True,True,False,False,False,False,Sede Boker,6053,ISRAEL,0-20008-0-WIS,NOAA,31.1299991608,34.8800010681,400,REGION VI (Europe),GAW Regional,fixed station,Operational,NOAA,co2 ch4 n2o sf6 13co2 c18o2 co h2,EXCLUDED,NOT_HOURLY,global_cohort_v1_gap_rule_20260814,NOT_ACQUIRED,NOT_HOURLY
CH4,IZO1002,0002-1002-1002-01-02-3001,True,True,False,False,False,False,Izaña (Tenerife),1002,SPAIN,0-20008-0-IZO,NOAA,28.3090000153,-16.4993991852,2373,REGION I (Africa),GAW Global,fixed station,Operational,NOAA AEMET ICOS,co2 ch4 n2o sf6 13co2 c18o2 co h2,EXCLUDED,NOT_HOURLY,global_cohort_v1_gap_rule_20260814,NOT_ACQUIRED,NOT_HOURLY
CH4,MID5001,0002-5001-1002-01-02-3001,True,True,False,False,False,False,Sand Island,5001,UNITED STATES,0-20008-0-MID,NOAA,28.2199993134,-177.3699951172,4,REGION V (South-West Pacific),GAW Regional,fixed station,Operational,NOAA,co2 ch4 n2o sf6 13ch4 13co2 c18o2 co h2,EXCLUDED,NOT_HOURLY,global_cohort_v1_gap_rule_20260814,NOT_ACQUIRED,NOT_HOURLY
CH4,KEY4033,0002-4033-1002-01-02-3001,True,True,False,False,False,False,Key Biscane (FL),4033,UNITED STATES,0-20008-0-KEY,NOAA,25.6666660309,-80.1999969482,3,REGION IV (North and Central America),GAW Regional,fixed station,Operational,NOAA,co2 ch4 n2o sf6 13co2 c18o2 co h2,EXCLUDED,NOT_HOURLY,global_cohort_v1_gap_rule_20260814,NOT_ACQUIRED,NOT_HOURLY
CH4,YON2028,0001-2028-1002-01-01-9999,True,False,True,True,False,True,Yonagunijima,2028,JAPAN,0-20008-0-YON,JMA,24.4667,123.0106,30,REGION II (Asia),GAW Regional,fixed station,Operational,JMA MRI,co2 ch4 co 222rn,EXCLUDED,OUTSIDE_PREDECLARED_GEOGRAPHIC_GAP_RULE,global_cohort_v1_gap_rule_20260814,NOT_ACQUIRED,OUTSIDE_PREDECLARED_GEOGRAPHIC_GAP_RULE
CH4,MNM2029,0001-2029-1002-01-01-9999,True,False,True,True,False,True,Minamitorishima,2029,JAPAN,0-20008-0-MNM,JMA,24.2883,153.9833,7.1,REGION II (Asia),GAW Global,fixed station,Operational,JMA MRI,co2 ch4 n2o hfc125 hfc23 hfc152a hfc245fa hfc227ea hfc134a hfc143a hfc32 co 222rn,SELECTED_FOR_ACQUISITION,Operational hourly accessible product; global or geographic-gap rule,global_cohort_v1_gap_rule_20260814,FINAL_COHORT,passes chosen coverage rule
CH4,HAT2031,0053-2031-1002-01-01-9999,True,False,True,True,False,False,Hateruma Island,2031,JAPAN,0-20008-0-HAT,NIES,24.06069,123.80939,10,REGION II (Asia),GAW Other elements,fixed station,Operational,NIES,co2 ch4 n2o sf6 cfc11 hcfc141b hcfc142b hcfc22 hfc23 hfc152a hfc134a hfc32,EXCLUDED,OUTSIDE_PREDECLARED_GEOGRAPHIC_GAP_RULE,global_cohort_v1_gap_rule_20260814,NOT_ACQUIRED,OUTSIDE_PREDECLARED_GEOGRAPHIC_GAP_RULE
CH4,LLN2032,0002-2032-1002-01-02-3001,True,True,False,False,False,False,Lulin,2032,"TAIWAN, PROVINCE OF CHINA","province of China,0-20008-0-LLN",NOAA,23.4699993134,120.8700027466,2862,REGION II (Asia),GAW Other elements,fixed station,Operational,NOAA,co2 ch4 n2o sf6 13co2 c18o2 co h2,EXCLUDED,NOT_HOURLY,global_cohort_v1_gap_rule_20260814,NOT_ACQUIRED,NOT_HOURLY
CH4,ASK1003,0002-1003-1002-01-02-3001,True,True,False,False,False,False,Assekrem,1003,ALGERIA,0-20008-0-ASK,NOAA,23.26116,5.63115,2710,REGION I (Africa),GAW Global,fixed station,Operational,NOAA ONM,co2 ch4 n2o sf6 13co2 c18o2 co h2,EXCLUDED,NOT_HOURLY,global_cohort_v1_gap_rule_20260814,NOT_ACQUIRED,NOT_HOURLY
CH4,PDI2035,0051-2035-1002-01-01-9999,True,False,True,True,False,False,Pha Din,2035,VIET NAM,0-20008-0-PDI,VNMHA,21.5731,103.5157,1466,REGION II (Asia),GAW Regional,fixed station,Operational,VNMHA,co2 ch4 co,EXCLUDED,OUTSIDE_PREDECLARED_GEOGRAPHIC_GAP_RULE,global_cohort_v1_gap_rule_20260814,NOT_ACQUIRED,OUTSIDE_PREDECLARED_GEOGRAPHIC_GAP_RULE
CH4,MKO5026,0002-5026-1002-01-01-3001,True,False,True,True,False,False,Mauna Kea (HI),5026,UNITED STATES,0-20008-0-MKO,NOAA,19.8299999237,-155.4799957275,4204,REGION V (South-West Pacific),GAW Other elements,fixed station,Operational,NOAA,co2 ch4 n2o sf6,EXCLUDED,OUTSIDE_PREDECLARED_GEOGRAPHIC_GAP_RULE,global_cohort_v1_gap_rule_20260814,NOT_ACQUIRED,OUTSIDE_PREDECLARED_GEOGRAPHIC_GAP_RULE
CH4,MLO5002,0002-5002-1002-01-01-3001,True,False,True,True,False,False,Mauna Loa (HI),5002,UNITED STATES,0-20008-0-MLO,NOAA,19.5362300873,-155.5761566162,3397,REGION V (South-West Pacific),GAW Global,fixed station,Operational,NOAA CSIRO,co2 ch4 n2o sf6 13ch4 13co2 c18o2 ccl4 ch3ccl3 cfc113 cfc12 cfc11 hcfc141b hcfc142b hcfc22 hfc125 hfc152a hfc227ea hfc365mfc hfc134a hfc143a hfc32 cbrclf2 cbrf3 c2br2f4 co ch3cl ch2cl2 ch3br c2cl4 h2,SELECTED_FOR_ACQUISITION,Operational hourly accessible product; global or geographic-gap rule,global_cohort_v1_gap_rule_20260814,FINAL_COHORT,passes chosen coverage rule
CH4,KUM5003,0002-5003-1002-01-02-3001,True,True,False,False,False,False,Cape Kumukahi (HI),5003,UNITED STATES,0-20008-0-KUM,NOAA,19.5200004578,-154.8200073242,3,REGION V (South-West Pacific),GAW Regional,fixed station,Operational,NOAA,co2 ch4 n2o sf6 13ch4 13co2 c18o2 ccl4 ch3ccl3 cfc113 cfc12 cfc11 hcfc141b hcfc142b hcfc22 hfc125 hfc152a hfc227ea hfc365mfc hfc134a hfc143a hfc32 cbrclf2 cbrf3 c2br2f4 co ch3cl ch2cl2 ch3br c2cl4 h2,EXCLUDED,NOT_HOURLY,global_cohort_v1_gap_rule_20260814,NOT_ACQUIRED,NOT_HOURLY
CH4,MEX4034,0002-4034-1002-01-02-3001,True,True,False,False,False,False,Mex High Altitude Global Climate Observation Center,4034,MEXICO,0-20008-0-MEX,NOAA,18.985842,-97.314433,4560,REGION IV (North and Central America),GAW Other elements,fixed station,Operational,NOAA,co2 ch4 n2o sf6 13ch4 13co2 c18o2 co h2,EXCLUDED,NOT_HOURLY,global_cohort_v1_gap_rule_20260814,NOT_ACQUIRED,NOT_HOURLY
CH4,AVI4035,0002-4035-1002-01-02-3001,True,True,False,False,False,False,St. Croix,4035,UNITED STATES,0-20008-0-AVI,NOAA,17.75,-64.75,3,REGION IV (North and Central America),GAW Regional,fixed station,Closed,NOAA,co2 ch4,EXCLUDED,NOT_HOURLY,global_cohort_v1_gap_rule_20260814,NOT_ACQUIRED,NOT_HOURLY
CH4,CVO1004,,False,False,True,True,False,True,Cape Verde Atmospheric Observatory,1004,CAPE VERDE,0-20008-0-CVO,UYRK,16.864025,-24.867519,10,REGION I (Africa),GAW Global,fixed station,Operational,UYRK UoE,co2 ch4 n2o co,EXCLUDED,AUTHENTICATION_REQUIRED_OR_LOCKED,global_cohort_v1_gap_rule_20260814,NOT_ACQUIRED,AUTHENTICATION_REQUIRED_OR_LOCKED
CH4,CRI2036,0016-2036-1002-01-02-9999,True,True,False,False,False,False,Cape Rama,2036,INDIA,0-20008-0-CRI,CSIRO,15.0799999237,73.8300018311,60,REGION II (Asia),GAW Other elements,fixed station,Non-reporting,CSIRO,co2 ch4 n2o 13co2 co h2,EXCLUDED,NOT_HOURLY,global_cohort_v1_gap_rule_20260814,NOT_ACQUIRED,NOT_HOURLY
CH4,GMI5004,0002-5004-1002-01-02-3001,True,True,False,False,False,False,Guam (Mariana Island),5004,UNITED STATES,0-20008-0-GMI,NOAA,13.4300003052,144.7799987793,2,REGION V (South-West Pacific),GAW Regional,fixed station,Operational,NOAA,co2 ch4 n2o sf6 13ch4 13co2 c18o2 co h2,EXCLUDED,NOT_HOURLY,global_cohort_v1_gap_rule_20260814,NOT_ACQUIRED,NOT_HOURLY
CH4,RPB4036,0002-4036-1002-01-02-3001,True,True,False,False,False,False,Ragged Point,4036,BARBADOS,0-20008-0-RPB,NOAA,13.1700000763,-59.4300003052,45,REGION IV (North and Central America),GAW Regional,fixed station,Operational,NOAA AGAGE,co2 ch4 n2o sf6 so2f2 nf3 13co2 c18o2 ccl4 ch3ccl3 cfc113 cfc12 cfc11 cfc115 cfc114 cfc13 hcfc141b hcfc142b hcfc22 hcfc124 hcfc132b hcfc133a hfc125 hfc23 hfc152a hfc236fa hfc245fa hfc227ea hfc365mfc hfc134a hfc143a hfc32 hfc4310mee pfc116 pfc218 pfc14 pfc318 cbrclf2 cbrf3 c2br2f4 co chcl3 ch3cl ch2cl2 ch3br c2cl4 h2,EXCLUDED,NOT_HOURLY,global_cohort_v1_gap_rule_20260814,NOT_ACQUIRED,NOT_HOURLY
CH4,KCO2037,0002-2037-1002-01-02-3001,True,True,False,False,False,False,Kaashidhoo (Male Atoll),2037,MALDIVES,0-20008-0-KCO,NOAA,4.9699997902,73.4700012207,1,REGION II (Asia),GAW Regional,fixed station,Closed,NOAA,co2 ch4 n2o sf6 co,EXCLUDED,NOT_HOURLY,global_cohort_v1_gap_rule_20260814,NOT_ACQUIRED,NOT_HOURLY
CH4,CHR5006,0002-5006-1002-01-02-3001,True,True,False,False,False,False,Christmas Island,5006,KIRIBATI,0-20008-0-CHR,NOAA,1.7000000477,-157.1699981689,3,REGION V (South-West Pacific),GAW Regional,fixed station,Operational,NOAA,co2 ch4 n2o sf6 13co2 c18o2 co h2,EXCLUDED,NOT_HOURLY,global_cohort_v1_gap_rule_20260814,NOT_ACQUIRED,NOT_HOURLY
CH4,MKN1005,0002-1005-1002-01-02-3001,True,True,False,False,False,False,Mt. Kenya,1005,KENYA,0-20008-0-MKN,NOAA,-0.0621999986,37.2971992493,3678,REGION I (Africa),GAW Global,fixed station,Operational,NOAA KMD,co2 ch4 n2o sf6 13co2 c18o2 co h2,EXCLUDED,NOT_HOURLY,global_cohort_v1_gap_rule_20260814,NOT_ACQUIRED,NOT_HOURLY
CH4,BKT5007,0002-5007-1002-01-02-3001,True,True,False,False,False,False,Bukit Kototabang,5007,INDONESIA,0-20008-0-BKT,NOAA,-0.2019443959,100.3180541992,864,REGION V (South-West Pacific),GAW Global,fixed station,Operational,NOAA BMKG,co2 ch4 n2o sf6 13co2 c18o2 co h2,EXCLUDED,NOT_HOURLY,global_cohort_v1_gap_rule_20260814,NOT_ACQUIRED,NOT_HOURLY
CH4,SEY1006,0002-1006-1002-01-02-3001,True,True,False,False,False,False,Mahé,1006,SEYCHELLES,0-20008-0-SEY,NOAA,-4.6700000763,55.1699981689,3,REGION I (Africa),GAW Regional,fixed station,Operational,NOAA,co2 ch4 n2o sf6 13co2 c18o2 co h2,EXCLUDED,NOT_HOURLY,global_cohort_v1_gap_rule_20260814,NOT_ACQUIRED,NOT_HOURLY
CH4,NAT3001,0002-3001-1002-01-02-3001,True,True,False,False,False,False,Natal,3001,BRAZIL,0-20008-0-NAT,NOAA,-6,-35.2000007629,0,REGION III (South America),GAW Regional,fixed station,Operational,NOAA,co2 ch4 n2o sf6 13co2 c18o2 co h2,EXCLUDED,NOT_HOURLY,global_cohort_v1_gap_rule_20260814,NOT_ACQUIRED,NOT_HOURLY
CH4,ASC1007,0002-1007-1002-01-02-3001,True,True,False,False,False,False,Ascension Island,1007,UNITED KINGDOM,0-20008-0-ASC,NOAA,-7.9699997902,-14.3999996185,91,REGION I (Africa),GAW Regional,fixed station,Operational,NOAA,co2 ch4 n2o sf6 13ch4 13co2 c18o2 co h2,EXCLUDED,NOT_HOURLY,global_cohort_v1_gap_rule_20260814,NOT_ACQUIRED,NOT_HOURLY
CH4,GPA5008,0016-5008-1002-01-02-9999,True,True,False,False,False,False,Gunn Point,5008,AUSTRALIA,0-20008-0-GPA,CSIRO,-12.2488002777,131.0453033447,25,REGION V (South-West Pacific),GAW Regional,fixed station,Operational,CSIRO,co2 ch4 n2o 13co2 co h2,EXCLUDED,NOT_HOURLY,global_cohort_v1_gap_rule_20260814,NOT_ACQUIRED,NOT_HOURLY
CH4,ABP3003,0002-3003-1002-01-02-3001,True,True,False,False,False,False,Arembepe,3003,BRAZIL,0-20008-0-ABP,NOAA,-12.7666664124,-38.1666679382,0,REGION III (South America),GAW Global,fixed station,Closed,NOAA INPE,co2 ch4 n2o sf6 13co2 c18o2 co h2,EXCLUDED,NOT_HOURLY,global_cohort_v1_gap_rule_20260814,NOT_ACQUIRED,NOT_HOURLY
CH4,SMO5009,0002-5009-1002-01-02-3001,True,True,False,False,False,False,Samoa (Cape Matatula),5009,UNITED STATES,0-20008-0-SMO,NOAA,-14.2474746704,-170.5645141602,77,REGION V (South-West Pacific),GAW Global,fixed station,Operational,NOAA AGAGE,co2 ch4 n2o sf6 so2f2 nf3 13ch4 13co2 c18o2 ccl4 ch3ccl3 cfc113 cfc12 cfc11 cfc115 cfc114 cfc13 hcfc141b hcfc142b hcfc22 hcfc124 hcfc132b hcfc133a hfc125 hfc23 hfc152a hfc236fa hfc245fa hfc227ea hfc365mfc hfc134a hfc143a hfc32 hfc4310mee pfc116 pfc218 pfc14 pfc318 cbrclf2 cbrf3 c2br2f4 co chcl3 ch3cl ch2cl2 ch3br c2cl4 h2,EXCLUDED,NOT_HOURLY,global_cohort_v1_gap_rule_20260814,NOT_ACQUIRED,NOT_HOURLY
CH4,CFA5010,0016-5010-1002-01-02-9999,True,True,False,False,False,False,Cape Ferguson,5010,AUSTRALIA,0-20008-0-CFA,CSIRO,-19.2773323059,147.0584411621,2,REGION V (South-West Pacific),GAW Regional,fixed station,Operational,CSIRO,co2 ch4 n2o 13co2 co h2,EXCLUDED,NOT_HOURLY,global_cohort_v1_gap_rule_20260814,NOT_ACQUIRED,NOT_HOURLY
CH4,RUN1042,0162-1042-1002-01-01-9999,True,False,True,True,False,False,La Réunion,1042,FRANCE,0-20008-0-RUN,ICOS,-21.0796,55.3841,2160,REGION I (Africa),GAW Global,fixed station,Operational,ICOS,co2 ch4 co,SELECTED_FOR_ACQUISITION,Operational hourly accessible product; global or geographic-gap rule,global_cohort_v1_gap_rule_20260814,FINAL_COHORT,passes chosen coverage rule
CH4,NMB1008,0002-1008-1002-01-02-3001,True,True,False,False,False,False,Gobabeb,1008,NAMIBIA,0-20008-0-NMB,NOAA,-23.5699996948,15.029999733,408,REGION I (Africa),GAW Regional,fixed station,Operational,NOAA,co2 ch4 n2o sf6 13co2 c18o2 co h2,EXCLUDED,NOT_HOURLY,global_cohort_v1_gap_rule_20260814,NOT_ACQUIRED,NOT_HOURLY
CH4,EIC3004,0002-3004-1002-01-02-3001,True,True,False,False,False,False,Easter Island,3004,CHILE,0-20008-0-EIC,NOAA,-27.1666660309,-109.4167022705,41,REGION III (South America),GAW Regional,fixed station,Operational,NOAA,co2 ch4 n2o sf6 13ch4 13co2 c18o2 co h2,EXCLUDED,NOT_HOURLY,global_cohort_v1_gap_rule_20260814,NOT_ACQUIRED,NOT_HOURLY
CH4,TLL3005,0017-3005-1002-01-01-9999,True,False,True,True,False,False,El Tololo,3005,CHILE,0-20008-0-TLL,DMC,-30.16833,-70.80361,2154,REGION III (South America),GAW Regional,fixed station,Operational,DMC,co2 ch4 co,SELECTED_FOR_ACQUISITION,Operational hourly accessible product; global or geographic-gap rule,global_cohort_v1_gap_rule_20260814,ACQUIRED_NOT_FINAL,coverage threshold not met or parser result unresolved
CH4,CPT1009,0002-1009-1002-01-02-3001,True,True,False,False,False,False,Cape Point,1009,SOUTH AFRICA,0-20008-0-CPT,NOAA,-34.3534812927,18.4896831512,230,REGION I (Africa),GAW Global,fixed station,Operational,NOAA ANSTO SAWS,co2 ch4 n2o sf6 13co2 c18o2 co h2 222rn,EXCLUDED,NOT_HOURLY,global_cohort_v1_gap_rule_20260814,NOT_ACQUIRED,NOT_HOURLY
CH4,AMS1010,0002-1010-1002-01-02-3001,True,True,False,False,False,False,Amsterdam Island,1010,FRANCE,0-20008-0-AMS,NOAA,-37.7983016968,77.5378036499,70,REGION I (Africa),GAW Global,fixed station,Operational,NOAA LSCE,co2 ch4 co,EXCLUDED,NOT_HOURLY,global_cohort_v1_gap_rule_20260814,NOT_ACQUIRED,NOT_HOURLY
CH4,CGO5011,0002-5011-1002-01-02-3001,True,True,False,False,False,False,Kennaook / Cape Grim,5011,AUSTRALIA,0-20008-0-CGO,NOAA,-40.682220459,144.6883392334,94,REGION V (South-West Pacific),GAW Global,fixed station,Operational,NOAA AGAGE ANSTO CSIRO,co2 ch4 n2o sf6 so2f2 nf3 13ch4 13co2 c18o2 ccl4 ch3ccl3 cfc113 cfc12 cfc11 cfc115 cfc114 cfc13 hcfc141b hcfc142b hcfc22 hcfc124 hcfc132b hcfc133a hfc125 hfc23 hfc152a hfc236fa hfc245fa hfc227ea hfc365mfc hfc134a hfc143a hfc32 hfc4310mee pfc116 pfc218 pfc14 pfc318 cbrclf2 cbrf3 c2br2f4 co chcl3 ch3cl ch2cl2 ch3br c2cl4 h2 222rn,EXCLUDED,NOT_HOURLY,global_cohort_v1_gap_rule_20260814,NOT_ACQUIRED,NOT_HOURLY
CH4,BHD5012,0002-5012-1002-01-02-3001,True,True,False,False,False,False,Baring Head,5012,NEW ZEALAND,0-20008-0-BHD,NOAA,-41.4081916809,174.870803833,85,REGION V (South-West Pacific),GAW Regional,fixed station,Operational,NOAA ESNZ,co2 ch4 n2o sf6 13ch4 13co2 c18o2 co h2 14co2,EXCLUDED,NOT_HOURLY,global_cohort_v1_gap_rule_20260814,NOT_ACQUIRED,NOT_HOURLY
CH4,NZL5013,0002-5013-1002-01-02-3001,True,True,False,False,False,False,Kaitorete Spit,5013,NEW ZEALAND,0-20008-0-NZL,NOAA,-43.8300018311,172.6300048828,3,REGION V (South-West Pacific),GAW Regional,fixed station,Closed,NOAA,ch4,EXCLUDED,NOT_HOURLY,global_cohort_v1_gap_rule_20260814,NOT_ACQUIRED,NOT_HOURLY
CH4,LAU5014,0057-5014-1002-01-01-9999,True,True,False,False,False,True,Lauder,5014,NEW ZEALAND,0-20008-0-LAU,ESNZ,-45.0379981995,169.6840057373,370,REGION V (South-West Pacific),GAW Global,fixed station,Operational,ESNZ,co2 ch4 n2o sf6 co,EXCLUDED,NOT_HOURLY,global_cohort_v1_gap_rule_20260814,NOT_ACQUIRED,NOT_HOURLY
CH4,CRZ1011,0002-1011-1002-01-02-3001,True,True,False,False,False,False,Crozet,1011,FRANCE,0-20008-0-CRZ,NOAA,-46.4333381653,51.8335800171,120,REGION I (Africa),GAW Regional,fixed station,Operational,NOAA,co2 ch4 n2o sf6 13co2 c18o2 co h2,EXCLUDED,NOT_HOURLY,global_cohort_v1_gap_rule_20260814,NOT_ACQUIRED,NOT_HOURLY
CH4,SGI3006,0002-3006-1002-01-02-3001,True,True,False,False,False,False,Bird Island (South Georgia),3006,UNITED KINGDOM,0-20008-0-SGI,NOAA,-54.0083007813,-38.0512008667,30,REGION III (South America),GAW Regional,fixed station,Non-reporting,NOAA,co2 ch4,EXCLUDED,NOT_HOURLY,global_cohort_v1_gap_rule_20260814,NOT_ACQUIRED,NOT_HOURLY
CH4,MQA5015,0016-5015-1002-01-02-9999,True,True,False,False,False,False,Macquarie Island,5015,AUSTRALIA,0-20008-0-MQA,CSIRO,-54.498500824,158.9385070801,6,REGION V (South-West Pacific),GAW Regional,fixed station,Operational,CSIRO GNS,co2 ch4 n2o 13co2 co h2 14co2,EXCLUDED,NOT_HOURLY,global_cohort_v1_gap_rule_20260814,NOT_ACQUIRED,NOT_HOURLY
CH4,USH3007,0002-3007-1002-01-02-3001,True,True,False,False,False,False,Ushuaia,3007,ARGENTINA,0-20008-0-USH,NOAA,-54.8484649658,-68.3106918335,18,REGION III (South America),GAW Global,fixed station,Operational,NOAA SMNA,co2 ch4 n2o sf6 13co2 c18o2 ccl4 ch3ccl3 cfc113 cfc12 cfc11 co h2,EXCLUDED,NOT_HOURLY,global_cohort_v1_gap_rule_20260814,NOT_ACQUIRED,NOT_HOURLY
CH4,PSA7003,0002-7003-1002-01-02-3001,True,True,False,False,False,False,Palmer Station,7003,UNITED STATES,0-20008-0-PSA,NOAA,-64.7743301392,-64.0544204712,10,ANTARCTICA,GAW Regional,fixed station,Operational,NOAA,co2 ch4 n2o sf6 13co2 c18o2 ccl4 ch3ccl3 cfc113 cfc12 cfc11 hcfc142b hcfc22 hfc125 hfc152a hfc227ea hfc365mfc hfc134a hfc143a hfc32 cbrclf2 cbrf3 c2br2f4 co ch3cl ch2cl2 ch3br h2,EXCLUDED,NOT_HOURLY,global_cohort_v1_gap_rule_20260814,NOT_ACQUIRED,NOT_HOURLY
CH4,CYA7004,0016-7004-1002-01-02-9999,True,True,False,False,False,False,Casey,7004,AUSTRALIA,0-20008-0-CYA,CSIRO,-66.2833023071,110.5167007446,51,ANTARCTICA,GAW Regional,fixed station,Operational,CSIRO,co2 ch4 n2o 13co2 co h2,EXCLUDED,NOT_HOURLY,global_cohort_v1_gap_rule_20260814,NOT_ACQUIRED,NOT_HOURLY
CH4,MAA7005,0016-7005-1002-01-02-9999,True,True,False,False,False,False,Mawson,7005,AUSTRALIA,0-20008-0-MAA,CSIRO,-67.6047210693,62.8705558777,20,ANTARCTICA,GAW Regional,fixed station,Operational,CSIRO,co2 ch4 n2o 13co2 co h2,EXCLUDED,NOT_HOURLY,global_cohort_v1_gap_rule_20260814,NOT_ACQUIRED,NOT_HOURLY
CH4,SYO7006,0002-7006-1002-01-02-3001,True,True,False,False,False,False,Syowa,7006,JAPAN,0-20008-0-SYO,NOAA,-69.0053,39.5811,29.1,ANTARCTICA,GAW Regional,fixed station,Operational,NOAA TU,co2 ch4 n2o sf6 13ch4 13co2 c18o2 ch3d co h2,EXCLUDED,NOT_HOURLY,global_cohort_v1_gap_rule_20260814,NOT_ACQUIRED,NOT_HOURLY
CH4,TRL7039,,False,False,True,True,False,False,Trollhaugen,7039,NORWAY,0-578-20008-TRL,NILU,-72.0117,2.5351,1553,ANTARCTICA,GAW Global,fixed station,Operational,NILU,co2 ch4,EXCLUDED,AUTHENTICATION_REQUIRED_OR_LOCKED,global_cohort_v1_gap_rule_20260814,NOT_ACQUIRED,AUTHENTICATION_REQUIRED_OR_LOCKED
CH4,HBA7008,0002-7008-1002-01-02-3001,True,True,False,False,False,False,Halley,7008,UNITED KINGDOM,0-20008-0-HBA,NOAA,-75.571509,-25.50386,30,ANTARCTICA,GAW Global,fixed station,Operational,NOAA BAS,co2 ch4 n2o sf6 13co2 c18o2 co h2,EXCLUDED,NOT_HOURLY,global_cohort_v1_gap_rule_20260814,NOT_ACQUIRED,NOT_HOURLY
CH4,ARH7009,0057-7009-1002-01-02-9999,True,True,False,False,False,True,Arrival Heights,7009,NEW ZEALAND,0-554-0-89668,ESNZ,-77.83011,166.66049,187.41,ANTARCTICA,GAW Regional,fixed station,Operational,ESNZ GNS,co2 ch4 n2o sf6 13ch4 co 14co2,EXCLUDED,NOT_HOURLY,global_cohort_v1_gap_rule_20260814,NOT_ACQUIRED,NOT_HOURLY
CH4,MCM7010,0002-7010-1002-01-02-3001,True,True,False,False,False,False,McMurdo,7010,UNITED STATES,0-20008-0-MCM,NOAA,-77.85,166.6666667,11,ANTARCTICA,GAW Regional,fixed station,Non-reporting,NOAA,ch4,EXCLUDED,NOT_HOURLY,global_cohort_v1_gap_rule_20260814,NOT_ACQUIRED,NOT_HOURLY
CH4,SPO7011,0002-7011-1002-01-02-3001,True,True,False,False,False,False,South Pole,7011,UNITED STATES,0-20008-0-SPO,NOAA,-89.9969482422,-24.7999992371,2841,ANTARCTICA,GAW Global,fixed station,Operational,NOAA CSIRO,co2 ch4 n2o sf6 13ch4 13co2 c18o2 ccl4 ch3ccl3 cfc113 cfc12 cfc11 hcfc141b hcfc142b hcfc22 hfc125 hfc152a hfc227ea hfc365mfc hfc134a hfc143a hfc32 cbrclf2 cbrf3 c2br2f4 co ch3cl ch2cl2 ch3br c2cl4 h2,EXCLUDED,NOT_HOURLY,global_cohort_v1_gap_rule_20260814,NOT_ACQUIRED,NOT_HOURLY
