dataset_key,station,gas,latitude,season,gap_hours,method,seed,n_masked,mae,rmse,bias,max_absolute_error,correlation,monthly_mean_distortion,annual_mean_distortion,trend_distortion_per_year,seasonal_amplitude_distortion,unit
RUN1042_CH4,RUN1042,CH4,-21.0796,DJF,1,linear,20260815,1,0.01499999999987267,0.01499999999987267,0.01499999999987267,0.01499999999987267,,0.01499999999987267,1.226492213390884e-05,0.0,0.0,ppb
RUN1042_CH4,RUN1042,CH4,-21.0796,DJF,1,pchip,20260815,1,0.06927846166468044,0.06927846166468044,0.06927846166468044,0.06927846166468044,,0.06927846166468044,5.664632999469177e-05,0.0,0.0,ppb
RUN1042_CH4,RUN1042,CH4,-21.0796,DJF,1,local_level_kalman,20260815,1,0.5685803317985574,0.5685803317985574,0.5685803317985574,0.5685803317985574,,0.5685803317985574,0.0004649062402677373,-0.0047125530918634695,0.0,ppb
RUN1042_CH4,RUN1042,CH4,-21.0796,DJF,1,seasonal_median,20260815,1,4.9500000000000455,4.9500000000000455,4.9500000000000455,4.9500000000000455,,4.9500000000000455,0.004047424366035557,0.013282396889881198,0.0,ppb
RUN1042_CH4,RUN1042,CH4,-21.0796,DJF,1,seasonal_residual_linear,20260815,1,0.4249999999999545,0.4249999999999545,0.4249999999999545,0.4249999999999545,,0.4249999999999545,0.00034750613235701167,-0.007743087230945633,0.0,ppb
RUN1042_CH4,RUN1042,CH4,-21.0796,DJF,3,linear,20260815,3,0.7066666666667061,0.7395944834840531,-0.7066666666667061,0.8900000000001,0.9931073418466331,-0.7066666666667061,-0.001733442354861836,0.014957818287339109,0.0,ppb
RUN1042_CH4,RUN1042,CH4,-21.0796,DJF,3,pchip,20260815,3,0.3528063725490635,0.3771357395851187,-0.3528063725490635,0.48326286764699944,0.999361014272052,-0.3528063725489119,-0.0008654285506963788,0.0053633916211879296,0.0,ppb
RUN1042_CH4,RUN1042,CH4,-21.0796,DJF,3,local_level_kalman,20260815,3,0.7544750245888281,0.8139918791514026,-0.3300917404332419,1.1734250737665661,,-0.3300917404330903,-0.000809709911209211,-0.0047125530918634695,0.0,ppb
RUN1042_CH4,RUN1042,CH4,-21.0796,DJF,3,seasonal_median,20260815,3,4.028333333333421,4.09703653063211,4.028333333333421,4.9500000000000455,0.01288834340978166,4.028333333333421,0.009881439084210797,0.06798079476958918,0.0,ppb
RUN1042_CH4,RUN1042,CH4,-21.0796,DJF,3,seasonal_residual_linear,20260815,3,0.6183333333333394,0.7695047108367628,-0.566666666666606,1.197499999999991,0.9748742797177405,-0.566666666666606,-0.001390024529882794,0.0034951435375880635,0.0,ppb
RUN1042_CH4,RUN1042,CH4,-21.0796,DJF,6,linear,20260815,6,1.2016666666667106,1.27780410600898,-1.2016666666667106,1.8714285714286234,0.7755398229116897,-1.2016666666668243,-0.005895339329526905,0.06083696947784034,0.0,ppb
RUN1042_CH4,RUN1042,CH4,-21.0796,DJF,6,pchip,20260815,6,0.897085362343546,0.9804042911562176,-0.897085362343546,1.4750538187877282,0.8169681137106223,-0.897085362343887,-0.0044010729141064076,0.0374296545402224,0.0,ppb
RUN1042_CH4,RUN1042,CH4,-21.0796,DJF,6,local_level_kalman,20260815,6,0.8346973126648815,0.9103730237248469,-0.5987126356640147,1.452045968997254,,-0.5987126356640147,-0.00293726558788876,0.008332792545239442,0.0,ppb
RUN1042_CH4,RUN1042,CH4,-21.0796,DJF,6,seasonal_median,20260815,6,4.030000000000011,4.073731909032145,4.030000000000011,4.9500000000000455,0.4965567512137096,4.029999999999745,0.019771054783177533,0.2027183253565994,0.0,ppb
RUN1042_CH4,RUN1042,CH4,-21.0796,DJF,6,seasonal_residual_linear,20260815,6,1.400000000000053,1.5485019642652929,-1.400000000000053,2.269999999999982,0.27401697825979365,-1.3999999999998636,-0.006868356500262962,0.0641030693064728,0.0,ppb
RUN1042_CH4,RUN1042,CH4,-21.0796,DJF,12,linear,20260815,12,0.939166666666703,1.11928462730586,-0.939166666666703,2.043846153846289,0.7696018348088223,-0.9391666666667788,-0.009215044971369935,0.06990287081227109,0.0,ppb
RUN1042_CH4,RUN1042,CH4,-21.0796,DJF,12,pchip,20260815,12,0.6992545860219934,0.8732424709432373,-0.6940653900892736,1.6232860665031694,0.7862177413727645,-0.6940653900892357,-0.006810126476921141,0.04081919463519057,0.0,ppb
RUN1042_CH4,RUN1042,CH4,-21.0796,DJF,12,local_level_kalman,20260815,12,0.8235549725854222,1.0178931072060458,-0.6544326337691851,2.1252659671024503,-4.860712120945385e-14,-0.6544326337686925,-0.006421252334575911,0.04326366789215896,0.0,ppb
RUN1042_CH4,RUN1042,CH4,-21.0796,DJF,12,seasonal_median,20260815,12,4.7650000000000245,4.855740159852072,4.7650000000000245,6.394999999999982,0.6276683761770119,4.765000000000327,0.046753883891824444,0.92388092343419,0.007156862745205217,ppb
RUN1042_CH4,RUN1042,CH4,-21.0796,DJF,12,seasonal_residual_linear,20260815,12,0.8456410256410815,1.0046314223992026,-0.30500000000002575,1.993076923076842,0.6344775942425517,-0.30500000000006366,-0.0029926410466032394,0.04048172581610743,0.0,ppb
RUN1042_CH4,RUN1042,CH4,-21.0796,DJF,24,linear,20260815,24,2.7625000000000646,3.0689767567275075,-2.7625000000000646,5.241999999999962,0.1377289472541595,-2.7625000000005002,-0.054210956664064724,0.4501946039709104,-0.06494117647071107,ppb
RUN1042_CH4,RUN1042,CH4,-21.0796,DJF,24,pchip,20260815,24,2.7384715639811077,3.044269101967052,-2.7384715639811077,5.210626836018946,0.4008447941638447,-2.7384715639816477,-0.053739425621870396,0.5466762973841028,-0.0646835671034296,ppb
RUN1042_CH4,RUN1042,CH4,-21.0796,DJF,24,local_level_kalman,20260815,24,1.9040709981659159,2.258656891670955,-1.817927997554553,4.275427997554516,,-1.8179279975547615,-0.03567479308367183,0.23966698564380806,-0.06549019607837181,ppb
RUN1042_CH4,RUN1042,CH4,-21.0796,DJF,24,seasonal_median,20260815,24,4.343541666666681,4.552735555868228,4.343541666666681,6.444999999999936,0.5533162428224143,4.343541666666624,0.08523712183136922,1.564727790598905,0.028627450980138747,ppb
RUN1042_CH4,RUN1042,CH4,-21.0796,DJF,24,seasonal_residual_linear,20260815,24,1.4702083333333462,1.9452371856237658,-1.3039583333333553,4.661000000000058,0.5407677944144075,-1.3039583333336395,-0.025588716271386147,0.12524264354117065,0.03370588235293326,ppb
RUN1042_CH4,RUN1042,CH4,-21.0796,DJF,48,linear,20260815,48,3.106250000000079,3.6074089010801567,-3.106250000000079,9.028163265306148,0.043462907127762664,-3.106250000000273,-0.12191332788233922,0.2797925787719926,-0.11635854341739105,ppb
RUN1042_CH4,RUN1042,CH4,-21.0796,DJF,48,pchip,20260815,48,2.929224897362881,3.443106334218782,-2.9237052211942776,8.776829728918756,0.113911498266843,-2.9237052211942682,-0.1147488557789984,0.2500626356542206,-0.11523846118689107,ppb
RUN1042_CH4,RUN1042,CH4,-21.0796,DJF,48,local_level_kalman,20260815,48,2.2501707606205863,2.7948808371717675,-2.112131140930875,7.880881140930796,-1.8115806278479843e-14,-2.1121311409306145,-0.08289639800864279,0.36254709269224605,-0.12078431372560772,ppb
RUN1042_CH4,RUN1042,CH4,-21.0796,DJF,48,seasonal_median,20260815,48,4.50041666666669,4.735316339309714,4.50041666666669,6.569999999999936,0.6303674734262629,4.500416666666979,0.17663123466900288,3.625483268539142,0.06941176470559185,ppb
RUN1042_CH4,RUN1042,CH4,-21.0796,DJF,48,seasonal_residual_linear,20260815,48,1.6778486394558314,2.225458945253091,-1.5445833333333827,6.074897959183545,0.5878307986641655,-1.5445833333333212,-0.060621422730946506,-0.1372404986633029,0.07865546218454256,ppb
RUN1042_CH4,RUN1042,CH4,-21.0796,DJF,72,linear,20260815,72,2.844027777777844,3.6041453835780493,-2.6756944444445185,9.240136986301422,0.011542620605956655,-2.6756944444446162,-0.1575224856908335,0.7339801435590765,-0.287977437550353,ppb
RUN1042_CH4,RUN1042,CH4,-21.0796,DJF,72,pchip,20260815,72,2.8401192509144773,3.605254173205338,-2.6756869997214747,9.274906798567827,-0.03813220794840604,-2.67568699972162,-0.1575220474080652,0.7339801435590658,-0.28777099318790533,ppb
RUN1042_CH4,RUN1042,CH4,-21.0796,DJF,72,local_level_kalman,20260815,72,2.2842890517996497,2.9500968848491533,-1.6948795109665455,8.329185066522086,8.762565185969336e-14,-1.6948795109665298,-0.0997803146278784,-0.2977783310387814,-0.28588235294114384,ppb
RUN1042_CH4,RUN1042,CH4,-21.0796,DJF,72,seasonal_median,20260815,72,4.5661805555555794,4.874307678760389,4.5661805555555794,7.634999999999991,0.7111785568205511,4.56618055555532,0.2688184791493313,5.541613589029854,-0.03294117647078565,ppb
RUN1042_CH4,RUN1042,CH4,-21.0796,DJF,72,seasonal_residual_linear,20260815,72,1.527839611872183,2.0221597527493858,-1.0413194444444938,5.466849315068657,0.6975071460060475,-1.0413194444445253,-0.06130417007352662,-0.9946484824138402,-0.029641418211213022,ppb
RUN1042_CH4,RUN1042,CH4,-21.0796,SON,1,linear,20260815,1,0.035000000000081855,0.035000000000081855,-0.035000000000081855,0.035000000000081855,,-0.035000000000081855,-2.8618152100534644e-05,0.0034951435348204996,0.0,ppb
RUN1042_CH4,RUN1042,CH4,-21.0796,SON,1,pchip,20260815,1,0.035000000000081855,0.035000000000081855,-0.035000000000081855,0.035000000000081855,,-0.035000000000081855,-2.8618152100534644e-05,0.0034951435348204996,0.0,ppb
RUN1042_CH4,RUN1042,CH4,-21.0796,SON,1,local_level_kalman,20260815,1,0.24998579601992788,0.24998579601992788,-0.24998579601992788,0.24998579601992788,,-0.24998579601992788,-0.00020440375783437048,0.014957818287339109,0.0,ppb
RUN1042_CH4,RUN1042,CH4,-21.0796,SON,1,seasonal_median,20260815,1,0.3749999999997726,0.3749999999997726,0.3749999999997726,0.3749999999997726,,0.3749999999997726,0.0003066230581225682,-0.017375856460173367,0.0,ppb
RUN1042_CH4,RUN1042,CH4,-21.0796,SON,1,seasonal_residual_linear,20260815,1,0.1550000000002001,0.1550000000002001,-0.1550000000002001,0.1550000000002001,,-0.1550000000002001,-0.00012673753053604742,0.010076089484726936,0.0,ppb
RUN1042_CH4,RUN1042,CH4,-21.0796,SON,3,linear,20260815,3,0.6433333333333545,0.6713791775144908,-0.6433333333333545,0.8450000000000273,-0.5806513267900716,-0.6433333333329756,-0.001578086672225254,0.09692927144635277,0.0,ppb
RUN1042_CH4,RUN1042,CH4,-21.0796,SON,3,pchip,20260815,3,0.6258848960764377,0.6411104326599502,-0.6258848960764377,0.7630498255305156,-0.561386549646918,-0.6258848960762862,-0.0015352859263657592,0.09320382775075942,0.0,ppb
RUN1042_CH4,RUN1042,CH4,-21.0796,SON,3,local_level_kalman,20260815,3,0.6210987721137826,0.6230456700302686,-0.6210987721137826,0.6777654387803977,,-0.6210987721135552,-0.0015235456389746105,0.09320382775075942,0.0,ppb
RUN1042_CH4,RUN1042,CH4,-21.0796,SON,3,seasonal_median,20260815,3,0.9133333333333363,0.9930172875300097,0.9133333333333363,1.2850000000000819,0.8390169875110753,0.9133333333336395,0.002240392477460773,-0.11542101925402548,0.0,ppb
RUN1042_CH4,RUN1042,CH4,-21.0796,SON,3,seasonal_residual_linear,20260815,3,0.16666666666681826,0.2011218536113326,0.14333333333343035,0.3100000000001728,0.9996150820456954,0.14333333333343035,0.00035159444018972863,-0.016985744309344852,0.0,ppb
RUN1042_CH4,RUN1042,CH4,-21.0796,SON,6,linear,20260815,6,0.6183333333333773,0.68899685533879,-0.07500000000000757,0.9400000000000546,0.9128003492850112,-0.0749999999998181,-0.0003679476694742334,0.022468779903938696,0.0,ppb
RUN1042_CH4,RUN1042,CH4,-21.0796,SON,6,pchip,20260815,6,0.7196320346320894,0.7751883885380647,-0.3295454545454959,1.2125974025973392,0.8586535456426505,-0.3295454545452685,-0.0016167397604931466,0.10061164643254017,0.0,ppb
RUN1042_CH4,RUN1042,CH4,-21.0796,SON,6,local_level_kalman,20260815,6,0.9133333333333363,1.1737996067697507,0.6204344044184987,1.9504344044185018,7.606300205799612e-14,0.6204344044183472,0.0030438319106451672,-0.1704298564590836,0.0,ppb
RUN1042_CH4,RUN1042,CH4,-21.0796,SON,6,seasonal_median,20260815,6,2.1783333333333226,2.615401498814265,2.1783333333333226,4.139999999999873,-0.7822193373214239,2.178333333333285,0.01068683564994899,-0.597843337124722,0.0,ppb
RUN1042_CH4,RUN1042,CH4,-21.0796,SON,6,seasonal_residual_linear,20260815,6,0.5559523809523625,0.8186174465581401,0.42833333333332274,1.6614285714283596,0.8122405668217938,0.4283333333332848,0.0021013900243360695,-0.1296474426691283,0.0,ppb
RUN1042_CH4,RUN1042,CH4,-21.0796,SON,12,linear,20260815,12,1.1066666666666645,1.3622784458775359,0.6299999999999765,2.356153846153802,0.3844971329771904,0.6300000000003365,0.006181520850532252,-0.37613777391075587,0.0,ppb
RUN1042_CH4,RUN1042,CH4,-21.0796,SON,12,pchip,20260815,12,1.1066666666666454,1.3514988825021415,0.6299999999999576,2.339330905780571,0.3875146074641177,0.6299999999996544,0.006181520850532252,-0.3704666734371962,0.0,ppb
RUN1042_CH4,RUN1042,CH4,-21.0796,SON,12,local_level_kalman,20260815,12,1.1066666666666645,1.2864482307543912,0.14473786792380375,2.0852621320761955,-1.4822890826848238e-14,0.14473786792427745,0.0014201589656295255,-0.05958294838441702,0.0,ppb
RUN1042_CH4,RUN1042,CH4,-21.0796,SON,12,seasonal_median,20260815,12,2.8120833333333812,3.1139039671555415,2.8120833333333812,4.705000000000155,0.476129910276288,2.812083333333476,0.027591986917514078,-1.2296892112992772,0.0,ppb
RUN1042_CH4,RUN1042,CH4,-21.0796,SON,12,seasonal_residual_linear,20260815,12,1.6595833333333492,1.9898763410232614,1.6595833333333492,3.298076923077133,0.5208077559938381,1.659583333333103,0.016283728536564013,-0.8474822275940639,0.0,ppb
RUN1042_CH4,RUN1042,CH4,-21.0796,SON,24,linear,20260815,24,1.1658333333332962,1.4742500918545756,-0.2916666666666667,3.453999999999951,-0.02975193634801606,-0.2916666666665151,-0.005723630416923697,0.15944137949225734,0.022023529411399068,ppb
RUN1042_CH4,RUN1042,CH4,-21.0796,SON,24,pchip,20260815,24,1.158499712565515,1.4372165406920694,-0.2780855024507976,3.254737156922374,0.020970074095561037,-0.27808550245072183,-0.005457115338231233,0.12184187538093028,0.020530857600988384,ppb
RUN1042_CH4,RUN1042,CH4,-21.0796,SON,24,local_level_kalman,20260815,24,1.2549295161836274,1.6197598521909489,-0.8180513980678749,3.626384731401231,,-0.8180513980676096,-0.016053338964638897,0.9696204661207517,0.01647058823550651,ppb
RUN1042_CH4,RUN1042,CH4,-21.0796,SON,24,seasonal_median,20260815,24,2.7895833333333733,3.3078086275760894,2.702500000000034,6.314999999999827,0.1577330069116292,2.7025000000003274,0.05303352412101958,-2.396669856460413,0.09921568627441957,ppb
RUN1042_CH4,RUN1042,CH4,-21.0796,SON,24,seasonal_residual_linear,20260815,24,2.284099999999995,2.688630676881237,1.7675000000000882,5.217999999999847,0.1371063241961568,1.767500000000382,0.03468520032697597,-1.6600463270437267,0.10810980392170677,ppb
RUN1042_CH4,RUN1042,CH4,-21.0796,SON,48,linear,20260815,48,1.9485756802721095,2.349631475301581,1.4747916666666707,4.665306122448783,-0.2968930170672042,1.474791666666306,0.05788225674587011,-2.6706873619300957,0.06294517807100419,ppb
RUN1042_CH4,RUN1042,CH4,-21.0796,SON,48,pchip,20260815,48,1.8719687983332942,2.2509954912563486,1.3456703944382202,4.474723901945254,-0.13334981067753865,1.345670394437775,0.05281453714883355,-2.3514619142214315,0.062189547141997537,ppb
RUN1042_CH4,RUN1042,CH4,-21.0796,SON,48,local_level_kalman,20260815,48,2.103944471865224,2.5259121657222003,1.7931028216510423,4.913311154984285,1.4111947743339586e-13,1.7931028216510185,0.07037525383452703,-3.324269856457377,0.06549019607837181,ppb
RUN1042_CH4,RUN1042,CH4,-21.0796,SON,48,seasonal_median,20260815,48,3.873125000000021,4.547697448526389,3.753958333333349,8.470000000000027,-0.16135486516135666,3.7539583333334576,0.1473344235487275,-6.570869856461627,0.23843137254903013,ppb
RUN1042_CH4,RUN1042,CH4,-21.0796,SON,48,seasonal_residual_linear,20260815,48,3.8237372448980267,4.497837627664034,3.6939583333334034,8.406122448979659,-0.1602374772640086,3.693958333333285,0.1449795584628646,-6.510499195306139,0.23854341736705464,ppb
RUN1042_CH4,RUN1042,CH4,-21.0796,SON,72,linear,20260815,72,1.893765220700159,2.319844306531145,1.563194444444488,4.93726027397247,0.05413564980796894,1.5631944444446617,0.09202780049076864,-3.578319108473753,0.07720386784853872,ppb
RUN1042_CH4,RUN1042,CH4,-21.0796,SON,72,pchip,20260815,72,1.8066330700305666,2.2062750330220116,1.4063549956382877,4.691980087945012,0.10223720388707434,1.4063549956383667,0.08279440693877405,-3.1515783670968958,0.0764542758429343,ppb
RUN1042_CH4,RUN1042,CH4,-21.0796,SON,72,local_level_kalman,20260815,72,2.409302568324579,2.8860816012487867,2.3415241931006077,5.823329748656079,-3.5562152174604383e-14,2.341524193100895,0.13784933925057885,-5.749440940799065,0.0841176470589744,ppb
RUN1042_CH4,RUN1042,CH4,-21.0796,SON,72,seasonal_median,20260815,72,3.597986111111131,4.306696134767609,3.5234027777777865,8.6400000000001,-0.13196866949050967,3.523402777778074,0.20742845461995785,-8.352540588164288,0.34568627450994427,ppb
RUN1042_CH4,RUN1042,CH4,-21.0796,SON,72,seasonal_residual_linear,20260815,72,3.903159246575484,4.58955328107497,3.8684027777779275,8.958287671233165,-0.12431004306129022,3.868402777778101,0.22773916598521282,-8.768789325485287,0.3412865968307415,ppb
TLL3005_CH4,TLL3005,CH4,-30.16833,DJF,1,linear,20260815,1,0.6750000000001819,0.6750000000001819,0.6750000000001819,0.6750000000001819,,0.6750000000001819,0.0002302968271123973,0.005628978124107675,0.0,ppb
TLL3005_CH4,TLL3005,CH4,-30.16833,DJF,1,pchip,20260815,1,0.6750000000001819,0.6750000000001819,0.6750000000001819,0.6750000000001819,,0.6750000000001819,0.0002302968271123973,0.005628978124107675,0.0,ppb
TLL3005_CH4,TLL3005,CH4,-30.16833,DJF,1,local_level_kalman,20260815,1,0.165963658736473,0.165963658736473,0.165963658736473,0.165963658736473,,0.165963658736473,5.662356147695391e-05,0.0016684088320744195,0.0,ppb
TLL3005_CH4,TLL3005,CH4,-30.16833,DJF,1,seasonal_median,20260815,1,7.0900000000001455,7.0900000000001455,7.0900000000001455,7.0900000000001455,,7.0900000000001455,0.0024189696350731538,0.029958912092830303,0.0,ppb
TLL3005_CH4,TLL3005,CH4,-30.16833,DJF,1,seasonal_residual_linear,20260815,1,0.9400000000002819,0.9400000000002819,0.9400000000002819,0.9400000000002819,,0.9400000000002819,0.00032070965585262456,0.007178037995124953,0.0,ppb
TLL3005_CH4,TLL3005,CH4,-30.16833,DJF,3,linear,20260815,3,0.47666666666676366,0.5874379399846374,-0.16333333333326058,0.9600000000000364,0.5333376655466013,-0.16333333333318478,-0.00016717843732294568,-0.0026437313373293136,0.0,ppb
TLL3005_CH4,TLL3005,CH4,-30.16833,DJF,3,pchip,20260815,3,0.4762762234846984,0.589796206484735,-0.1652855492437387,0.9623426590926556,0.532562627002776,-0.16528554924389027,-0.000169176611052535,-0.0027848628603024395,0.0,ppb
TLL3005_CH4,TLL3005,CH4,-30.16833,DJF,3,local_level_kalman,20260815,3,0.6098083963620411,0.6855503085179883,-0.16275852241945662,0.9594251890862324,1.1380924849493497e-13,-0.1627585224196082,-0.00016659009452268947,-0.0029419123159541982,0.0,ppb
TLL3005_CH4,TLL3005,CH4,-30.16833,DJF,3,seasonal_median,20260815,3,6.820000000000012,6.8351200916053365,6.820000000000012,7.190000000000055,0.784171775000679,6.820000000000164,0.00698055271254816,0.08780334430367986,0.0,ppb
TLL3005_CH4,TLL3005,CH4,-30.16833,DJF,3,seasonal_residual_linear,20260815,3,0.40666666666675155,0.5030200459890147,-0.0949999999999515,0.7350000000001273,0.6890581108941486,-0.09499999999979991,-9.723643779580016e-05,-0.0015697680042237039,0.0,ppb
TLL3005_CH4,TLL3005,CH4,-30.16833,DJF,6,linear,20260815,6,0.30690476190481303,0.43186472749829874,-0.01166666666661816,0.9557142857142935,0.9015567518343012,-0.011666666666542369,-2.388263351349451e-05,1.9895196601282805e-13,0.0,ppb
TLL3005_CH4,TLL3005,CH4,-30.16833,DJF,6,pchip,20260815,6,0.35521758083117067,0.5346407504040207,-0.32409967845660503,1.1934032979293079,0.8909968705707529,-0.32409967845660503,-0.000663458911503767,-0.015754082048012208,0.0,ppb
TLL3005_CH4,TLL3005,CH4,-30.16833,DJF,6,local_level_kalman,20260815,6,0.9369064061887306,1.0529124040640954,0.5040525518995006,1.760719218566237,,0.5040525518995764,0.0010318373633708688,0.02682081190740604,0.0,ppb
TLL3005_CH4,TLL3005,CH4,-30.16833,DJF,6,seasonal_median,20260815,6,7.381666666666699,7.413484335992123,7.381666666666699,8.370000000000118,0.8452648533063649,7.381666666666661,0.015110883657598606,0.21068643945687882,0.0,ppb
TLL3005_CH4,TLL3005,CH4,-30.16833,DJF,6,seasonal_residual_linear,20260815,6,0.27023809523821757,0.37491268824832885,0.011666666666807638,0.744285714285752,0.9170715563061597,0.011666666666769743,2.3882633968241862e-05,0.0007755166670406766,0.0,ppb
TLL3005_CH4,TLL3005,CH4,-30.16833,DJF,12,linear,20260815,12,0.9574358974358764,1.0781649890391143,0.8533333333332962,1.7523076923077952,0.5995693132342826,0.853333333333012,0.003493688161142927,0.08509303187347683,-0.008020176544960123,ppb
TLL3005_CH4,TLL3005,CH4,-30.16833,DJF,12,pchip,20260815,12,0.8315756071572764,0.9278279143710816,0.6938692092606402,1.531457734473861,0.6753102065842805,0.693869209260356,0.0028408155960732984,0.0695224340217635,-0.0069804555976134,ppb
TLL3005_CH4,TLL3005,CH4,-30.16833,DJF,12,local_level_kalman,20260815,12,1.5160411230233233,1.6471420808502375,1.4265826809613031,2.3832493476279524,6.903747789342963e-14,1.4265826809614737,0.005840666043013698,0.15041842708836128,-0.01568237170181419,ppb
TLL3005_CH4,TLL3005,CH4,-30.16833,DJF,12,seasonal_median,20260815,12,7.77000000000002,7.7974194449189635,7.77000000000002,8.490000000000009,0.6959511256255806,7.769999999999982,0.03181166837248384,0.45857408450690684,-0.06532786885259156,ppb
TLL3005_CH4,TLL3005,CH4,-30.16833,DJF,12,seasonal_residual_linear,20260815,12,0.6840384615384968,0.7396328351075557,0.5674999999999196,1.2346153846153811,0.8253394552950956,0.5675000000001091,0.00232343909942756,0.0577089853593904,-0.003540353089420023,ppb
TLL3005_CH4,TLL3005,CH4,-30.16833,DJF,24,linear,20260815,24,1.2313500000000108,1.7128037930053077,-0.3495833333333375,4.626800000000003,0.12672303255900005,-0.34958333333338487,-0.0028625042643852794,-0.06046057837477292,-0.02800000000002001,ppb
TLL3005_CH4,TLL3005,CH4,-30.16833,DJF,24,pchip,20260815,24,1.3984943164803099,2.002838191538746,-0.9812499105049332,5.387712778632931,0.07996030617991406,-0.9812499105048573,-0.008034799676352122,-0.17528591549145744,-0.02695254766194921,ppb
TLL3005_CH4,TLL3005,CH4,-30.16833,DJF,24,local_level_kalman,20260815,24,1.4040377791417977,1.6016386054142318,0.7426588916169313,3.4522422249501687,,0.7426588916168839,0.006081137290721017,0.16223774862957185,-0.015081967213291136,ppb
TLL3005_CH4,TLL3005,CH4,-30.16833,DJF,24,seasonal_median,20260815,24,8.162708333333322,8.258600504423645,8.162708333333322,10.689999999999827,0.46895402971051087,8.162708333333285,0.06683896281174384,0.9169610341086383,0.003934426229307064,ppb
TLL3005_CH4,TLL3005,CH4,-30.16833,DJF,24,seasonal_residual_linear,20260815,24,0.7832250000000348,1.1920991115116149,-0.23729166666665455,3.554399999999987,0.5685486996637492,-0.23729166666657875,-0.001943022858540644,-0.03631242750684294,-0.009442622950928126,ppb
TLL3005_CH4,TLL3005,CH4,-30.16833,DJF,48,linear,20260815,48,2.812959183673494,4.0505693624309105,-0.4095833333333208,14.315102040816328,-0.5508212191719201,-0.40958333333310293,-0.0067076083246320195,0.22215921725017296,-0.019178655068799344,ppb
TLL3005_CH4,TLL3005,CH4,-30.16833,DJF,48,pchip,20260815,48,2.7947884946365207,4.033117211065573,-0.40956711069880686,14.275029106732973,-0.42227465237287515,-0.4095671106986174,-0.006707342651679937,0.21824135723431937,-0.019020165800839095,ppb
TLL3005_CH4,TLL3005,CH4,-30.16833,DJF,48,local_level_kalman,20260815,48,2.8402193995776486,3.99531638450307,-0.028705735022744722,13.86912240168931,-2.608444851266203e-14,-0.028705735022413137,-0.00047010415551085316,0.3245755163780828,-0.018442622950715304,ppb
TLL3005_CH4,TLL3005,CH4,-30.16833,DJF,48,seasonal_median,20260815,48,7.021875000000004,7.3707445349842455,6.308333333333337,10.759999999999764,0.3426127355543167,6.308333333333621,0.10330945069949848,1.4362327470261107,0.01614754098341109,ppb
TLL3005_CH4,TLL3005,CH4,-30.16833,DJF,48,seasonal_residual_linear,20260815,48,2.6612202380953156,3.869174576671647,-0.27916666666664014,13.920714285714439,0.28210049229347717,-0.279166666666697,-0.004571818491513113,0.21941567601997036,0.015093676814785795,ppb
TLL3005_CH4,TLL3005,CH4,-30.16833,DJF,72,linear,20260815,72,2.028533105022853,3.211449986529717,0.021250000000053306,13.632465753424412,0.3545085512812683,0.021250000000009095,0.0005220061416366661,0.35693145796827963,-0.006554008533612432,ppb
TLL3005_CH4,TLL3005,CH4,-30.16833,DJF,72,pchip,20260815,72,1.9989596887796652,3.188086990179727,0.021250000000053306,13.616274944282623,0.3768522665193513,0.021250000000009095,0.0005220061416366661,0.35491945363460076,-0.006375658622118863,ppb
TLL3005_CH4,TLL3005,CH4,-30.16833,DJF,72,local_level_kalman,20260815,72,2.1432422714306147,3.298570543787175,-0.0920282284979079,13.778278228497811,4.7887371770062815e-14,-0.09202822849783843,-0.002260672961938326,0.3197926927541914,-0.009754098360872376,ppb
TLL3005_CH4,TLL3005,CH4,-30.16833,DJF,72,seasonal_median,20260815,72,6.7024305555555275,7.002326523100074,6.232708333333303,10.829999999999927,0.25520647178331257,6.232708333332994,0.1531064483112914,1.9859579600737618,0.03696721311484907,ppb
TLL3005_CH4,TLL3005,CH4,-30.16833,DJF,72,seasonal_residual_linear,20260815,72,2.1285702054794595,3.1239946731462624,0.18270833333334874,13.084178082191784,0.34013949784838193,0.18270833333326664,0.004488229273647448,0.3830832334421572,0.039998877161451674,ppb
TLL3005_CH4,TLL3005,CH4,-30.16833,SON,1,linear,20260815,1,0.035000000000081855,0.035000000000081855,0.035000000000081855,0.035000000000081855,,0.035000000000081855,1.1941316870434093e-05,-7.105427357601002e-15,0.0,ppb
TLL3005_CH4,TLL3005,CH4,-30.16833,SON,1,pchip,20260815,1,0.04466825450322176,0.04466825450322176,0.04466825450322176,0.04466825450322176,,0.04466825450322176,1.5239936828947975e-05,-2.1316282072803006e-13,0.0,ppb
TLL3005_CH4,TLL3005,CH4,-30.16833,SON,1,local_level_kalman,20260815,1,0.15863090217794706,0.15863090217794706,0.15863090217794706,0.15863090217794706,,0.15863090217794706,5.4121768243931e-05,-5.258016244624741e-12,0.0,ppb
TLL3005_CH4,TLL3005,CH4,-30.16833,SON,1,seasonal_median,20260815,1,0.6299999999998818,0.6299999999998818,-0.6299999999998818,0.6299999999998818,,-0.6299999999998818,-0.00021494370503205573,0.0019488911370828532,0.0,ppb
TLL3005_CH4,TLL3005,CH4,-30.16833,SON,1,seasonal_residual_linear,20260815,1,0.0,0.0,0.0,0.0,,0.0,0.0,0.0,0.0,ppb
TLL3005_CH4,TLL3005,CH4,-30.16833,SON,3,linear,20260815,3,0.12166666666659391,0.15862692079207985,-0.12166666666659391,0.25749999999993634,0.9974059619080263,-0.1216666666666697,-0.00012453087674657581,0.002064586179812977,0.0,ppb
TLL3005_CH4,TLL3005,CH4,-30.16833,SON,3,pchip,20260815,3,0.14764556340499743,0.19108409988983074,-0.13217913474682064,0.31212208553142773,0.9981950138995757,-0.13217913474659326,-0.00013529082343666232,0.002194884507957795,0.0,ppb
TLL3005_CH4,TLL3005,CH4,-30.16833,SON,3,local_level_kalman,20260815,3,0.22527302539394137,0.26930779840466296,-0.06248574284844229,0.3958190761818514,,-0.0624857428483665,-6.395674790837802e-05,0.0006118050225722982,0.0,ppb
TLL3005_CH4,TLL3005,CH4,-30.16833,SON,3,seasonal_median,20260815,3,0.8599999999999758,0.9015911859965368,-0.8599999999999758,1.240000000000009,0.06742899406043695,-0.8599999999999,-0.000880245649796052,0.008835945274725532,0.0,ppb
TLL3005_CH4,TLL3005,CH4,-30.16833,SON,3,seasonal_residual_linear,20260815,3,0.19666666666663937,0.22007337791443227,-0.02750000000006973,0.33625000000006366,0.5706192213679887,-0.027499999999918145,-2.814738991219201e-05,3.844036200462142e-12,0.0,ppb
TLL3005_CH4,TLL3005,CH4,-30.16833,SON,6,linear,20260815,6,0.29000000000000153,0.343684517572505,-0.29000000000000153,0.6328571428571195,0.9272532308855641,-0.2899999999999636,-0.0005936540428592707,0.007178037995728914,0.0,ppb
TLL3005_CH4,TLL3005,CH4,-30.16833,SON,6,pchip,20260815,6,0.14369554695364664,0.2022668466330389,-0.11356306892071188,0.43212316172980536,0.9420339827878716,-0.11356306892071188,-0.00023247301714945934,0.002855719048120875,0.0,ppb
TLL3005_CH4,TLL3005,CH4,-30.16833,SON,6,local_level_kalman,20260815,6,0.4837456358023549,0.5782328397188101,-0.42061845370350665,0.9906184537035188,,-0.4206184537035824,-0.0008610408469849062,0.011547521764278201,0.0,ppb
TLL3005_CH4,TLL3005,CH4,-30.16833,SON,6,seasonal_median,20260815,6,0.935833333333297,0.9684028948049541,-0.935833333333297,1.259999999999991,0.779084395714092,-0.9358333333332212,-0.0019157284202719893,0.02090969651692376,0.0,ppb
TLL3005_CH4,TLL3005,CH4,-30.16833,SON,6,seasonal_residual_linear,20260815,6,0.5908333333333834,0.6888529976569755,-0.5908333333333834,1.0628571428571831,0.45194481172621037,-0.5908333333336486,-0.0012094848175365769,0.01516478336332483,0.0,ppb
TLL3005_CH4,TLL3005,CH4,-30.16833,SON,12,linear,20260815,12,0.6941666666667174,0.7881392399433753,-0.6941666666667174,1.4030769230769238,0.6859651208294517,-0.6941666666664332,-0.0028420334353995713,0.03219107837367119,-0.009136191677043826,ppb
TLL3005_CH4,TLL3005,CH4,-30.16833,SON,12,pchip,20260815,12,0.6037984348646622,0.7111661945960385,-0.6037984348646622,1.373464544031549,0.721744554455081,-0.6037984348645296,-0.0024720509100006893,0.027932636544129252,-0.008715960377685406,ppb
TLL3005_CH4,TLL3005,CH4,-30.16833,SON,12,local_level_kalman,20260815,12,1.2547206179772843,1.3405961863040081,-1.2547206179772843,2.1955539513105577,-1.2040657121686416e-13,-1.254720617977,-0.005137034259860229,0.05513465867092293,-0.015209458617391647,ppb
TLL3005_CH4,TLL3005,CH4,-30.16833,SON,12,seasonal_median,20260815,12,0.6137499999999628,0.7203890731171776,-0.5437499999999886,1.259999999999991,0.7056289683105297,-0.5437499999998181,-0.0022262026611770125,0.02300538885587855,-0.0031147540983056388,ppb
TLL3005_CH4,TLL3005,CH4,-30.16833,SON,12,seasonal_residual_linear,20260815,12,0.3109294871795214,0.4234952622869488,-0.058750000000088676,0.8576923076921048,0.6925012629796874,-0.05874999999969077,-0.00024053224160525133,0.00548112113266086,-4.4136191718280315e-05,ppb
TLL3005_CH4,TLL3005,CH4,-30.16833,SON,24,linear,20260815,24,1.0526666666667002,1.2243592882266034,-0.6041666666666762,2.5815999999999804,0.7969052796006707,-0.6041666666667425,-0.0049471170250399155,0.041154084506572985,-0.019029508197036193,ppb
TLL3005_CH4,TLL3005,CH4,-30.16833,SON,24,pchip,20260815,24,0.9727561185131227,1.0860476567460766,-0.3315077583310142,2.199416769929485,0.8534400321677137,-0.3315077583308721,-0.0027144954622144724,0.019304091305521354,-0.016555150983322164,ppb
TLL3005_CH4,TLL3005,CH4,-30.16833,SON,24,local_level_kalman,20260815,24,1.317988181495527,1.4061476664331838,-0.40709575563976347,2.467929088973051,,-0.40709575563960243,-0.0033334350509903743,0.031446642646308476,-0.025409836065591662,ppb
TLL3005_CH4,TLL3005,CH4,-30.16833,SON,24,seasonal_median,20260815,24,0.8356249999999932,0.9437077805125994,0.17020833333337274,1.5199999999999818,0.7743310039754413,0.1702083333336759,0.0013937222793174442,-0.0206859154916188,-0.0095081967212991,ppb
TLL3005_CH4,TLL3005,CH4,-30.16833,SON,24,seasonal_residual_linear,20260815,24,0.5022583333333538,0.5919711775078332,0.0302083333332727,1.0511999999998807,0.9217871129930384,0.03020833333334849,0.00024735585134294524,-0.007212984626271179,-0.0018885245901856251,ppb
TLL3005_CH4,TLL3005,CH4,-30.16833,SON,48,linear,20260815,48,1.2191581632653339,1.3419784042282654,-0.7741666666667252,2.376326530612232,0.2589495919543818,-0.7741666666665878,-0.012678266803050064,0.09698733291646278,-0.02709601873561951,ppb
TLL3005_CH4,TLL3005,CH4,-30.16833,SON,48,pchip,20260815,48,1.1145185504710422,1.2191790751627707,-0.37927281470407576,2.021197715982453,0.13328748530279663,-0.3792728147041089,-0.006211223167838398,0.038475862693353235,-0.02521528368788495,ppb
TLL3005_CH4,TLL3005,CH4,-30.16833,SON,48,local_level_kalman,20260815,48,1.063292621845046,1.1945077061939173,-0.4390038207135613,2.539837154046836,-8.101642829203997e-14,-0.43900382071387867,-0.007189417739027704,0.0738252658391616,-0.03557377049173738,ppb
TLL3005_CH4,TLL3005,CH4,-30.16833,SON,48,seasonal_median,20260815,48,0.7664583333333373,0.8983091756182919,0.21729166666670588,1.6900000000000546,0.6200203917520718,0.21729166666659694,0.003558512453309959,-0.03821636400947881,-0.004098360655916622,ppb
TLL3005_CH4,TLL3005,CH4,-30.16833,SON,48,seasonal_residual_linear,20260815,48,0.839494047619065,0.9810210368080516,-0.2502083333334942,2.4292857142859248,0.590422833501702,-0.2502083333333758,-0.004097577618495052,0.03075572151856676,0.004777517564207301,ppb
TLL3005_CH4,TLL3005,CH4,-30.16833,SON,72,linear,20260815,72,1.1804984779300456,1.5068359453537696,-0.7641666666667644,5.765205479452106,0.20202368056364187,-0.7641666666672791,-0.018771750255837105,0.10234654524002451,-0.07464406018425507,ppb
TLL3005_CH4,TLL3005,CH4,-30.16833,SON,72,pchip,20260815,72,1.2266260293395261,1.5587650820043106,-0.7641666666667548,5.954651441967826,0.1609207988452006,-0.7641666666668243,-0.018771750255837105,0.11242091377712882,-0.07439824640823645,ppb
TLL3005_CH4,TLL3005,CH4,-30.16833,SON,72,local_level_kalman,20260815,72,1.066823039555822,1.3329302065655357,-0.335104904001636,4.755938237334931,-1.346295905601799e-13,-0.3351049040020371,-0.00823185025183193,0.08545508648384725,-0.08393442622968905,ppb
TLL3005_CH4,TLL3005,CH4,-30.16833,SON,72,seasonal_median,20260815,72,0.9124999999999849,1.0892913088589118,0.3383333333333414,2.9500000000000455,0.5996167162333277,0.3383333333331393,0.008311156602303527,-0.0848035374724958,-0.04655737704911189,ppb
TLL3005_CH4,TLL3005,CH4,-30.16833,SON,72,seasonal_residual_linear,20260815,72,0.8856544901065604,1.134208515830364,-0.3266666666667359,4.165753424657623,0.5627781911360497,-0.3266666666668243,-0.008024564994911998,0.03501555509554777,-0.037738603188699926,ppb
BRW4003_CH4,BRW4003,CH4,71.3230133057,DJF,1,linear,20260815,1,0.5449999999998454,0.5449999999998454,-0.5449999999998454,0.5449999999998454,,-0.5449999999998454,-0.0008183183181245113,-0.09930877437913921,0.0,ppb
BRW4003_CH4,BRW4003,CH4,71.3230133057,DJF,1,pchip,20260815,1,0.47769401297864533,0.47769401297864533,-0.47769401297864533,0.47769401297864533,,-0.47769401297864533,-0.0007172582777457137,-0.11153882382430425,0.0,ppb
BRW4003_CH4,BRW4003,CH4,71.3230133057,DJF,1,local_level_kalman,20260815,1,0.8851943581046271,0.8851943581046271,-0.8851943581046271,0.8851943581046271,,-0.8851943581046271,-0.0013291206578287529,-0.05395346833153525,0.0,ppb
BRW4003_CH4,BRW4003,CH4,71.3230133057,DJF,1,seasonal_median,20260815,1,8.129999999999882,8.129999999999882,8.129999999999882,8.129999999999882,,8.129999999999882,0.012207207207438842,-0.4552349730339955,0.0,ppb
BRW4003_CH4,BRW4003,CH4,71.3230133057,DJF,1,seasonal_residual_linear,20260815,1,0.25500000000010914,0.25500000000010914,-0.25500000000010914,0.25500000000010914,,-0.25500000000010914,-0.0003828828826044628,-0.061251020779579335,0.0,ppb
BRW4003_CH4,BRW4003,CH4,71.3230133057,DJF,3,linear,20260815,3,0.6100000000001273,0.6814537157187447,0.4650000000001455,0.9575000000002092,0.9931152693769842,0.4650000000001455,0.002094594594609589,-0.14502692287586427,0.024259259259224564,ppb
BRW4003_CH4,BRW4003,CH4,71.3230133057,DJF,3,pchip,20260815,3,0.6058744874073909,0.6840755377425232,0.48105954284354385,0.9561295939640786,0.9927138431208538,0.4810595428434681,0.0021669348777777486,-0.14152409769710772,0.024973016718831786,ppb
BRW4003_CH4,BRW4003,CH4,71.3230133057,DJF,3,local_level_kalman,20260815,3,1.1926589266457388,1.293435823434637,0.5979767799371984,1.897976779937153,-1.982491177766713e-13,0.5979767799367437,0.0026935890989534528,-0.16180361186897585,0.029184325182541215,ppb
BRW4003_CH4,BRW4003,CH4,71.3230133057,DJF,3,seasonal_median,20260815,3,9.779999999999973,9.85397973747999,9.779999999999973,10.974999999999909,-0.23446633338441009,9.779999999999745,0.044054054054186054,-1.1156243569909776,0.37907407407374194,ppb
BRW4003_CH4,BRW4003,CH4,71.3230133057,DJF,3,seasonal_residual_linear,20260815,3,0.9250000000000304,1.0518574840094905,0.9250000000000304,1.3800000000001091,0.9356836270290526,0.9249999999997272,0.004166666666833407,-0.06483007516492023,0.05111111111091304,ppb
BRW4003_CH4,BRW4003,CH4,71.3230133057,DJF,6,linear,20260815,6,0.9833333333334243,1.098943215310224,0.9833333333334243,1.66571428571433,0.9359789638774944,0.9833333333335759,0.008858858859184693,-0.15356505923664798,0.04174603174601543,ppb
BRW4003_CH4,BRW4003,CH4,71.3230133057,DJF,6,pchip,20260815,6,0.5860307958352374,0.6768697470816867,0.54945574334018,1.16812155872708,0.9530005564968819,0.5494557433403315,0.004950051741616335,-0.11937980062434406,0.030107360463489385,ppb
BRW4003_CH4,BRW4003,CH4,71.3230133057,DJF,6,local_level_kalman,20260815,6,2.319248127432123,2.6087131460159023,2.282205524481545,3.7288721911481844,-1.1995187497587013e-13,2.282205524481924,0.020560410130656237,-0.23113125333311046,0.05810637744957603,ppb
BRW4003_CH4,BRW4003,CH4,71.3230133057,DJF,6,seasonal_median,20260815,6,10.378333333333293,10.434659393898098,10.378333333333293,11.564999999999827,0.5176121996705539,10.37833333333333,0.09349849849854763,-2.128404377423138,0.37907407407374194,ppb
BRW4003_CH4,BRW4003,CH4,71.3230133057,DJF,6,seasonal_residual_linear,20260815,6,1.8658333333333605,2.032612235523571,1.8658333333333605,2.829285714285561,0.8091418848339874,1.8658333333337396,0.01680930930933755,-0.08206255923022354,0.08859788359768572,ppb
BRW4003_CH4,BRW4003,CH4,71.3230133057,DJF,12,linear,20260815,12,2.7145512820513127,2.9616442288805773,0.6491666666666637,4.868461538461588,-0.6030420368791717,0.6491666666663605,0.01169669669684481,-0.16180361187596048,0.07512820512806684,ppb
BRW4003_CH4,BRW4003,CH4,71.3230133057,DJF,12,pchip,20260815,12,2.5723090705922687,2.8521247049809775,0.3471300597213182,5.077357411732692,-0.44087404033398336,0.347130059721394,0.006254595670725394,-0.33669785335776226,0.06663845842490446,ppb
BRW4003_CH4,BRW4003,CH4,71.3230133057,DJF,12,local_level_kalman,20260815,12,2.3931547951104144,2.6587733516148644,0.4580954373291964,4.516071229337513,2.8938860404171614e-14,0.45809543732957536,0.00825397184371468,-0.6231625592264791,0.04792328780217758,ppb
BRW4003_CH4,BRW4003,CH4,71.3230133057,DJF,12,seasonal_median,20260815,12,8.264999999999949,8.809615012397863,8.264999999999949,11.564999999999827,-0.41503840822279237,8.2650000000001,0.14891891891875275,-3.3311389894459325,0.37907407407374194,ppb
BRW4003_CH4,BRW4003,CH4,71.3230133057,DJF,12,seasonal_residual_linear,20260815,12,3.171794871794949,3.3708845753768335,0.6849999999999076,5.356153846154257,-0.49262638647060836,0.6850000000001728,0.012342342342208212,-0.32500541638138714,0.11448717948701415,ppb
BRW4003_CH4,BRW4003,CH4,71.3230133057,DJF,24,linear,20260815,24,2.0304333333333395,2.3676894503573327,1.2475000000000496,4.266800000000103,-0.17503183232401162,1.2475000000004002,0.04495495495530122,0.39087831479712776,0.002144973544545792,ppb
BRW4003_CH4,BRW4003,CH4,71.3230133057,DJF,24,pchip,20260815,24,2.043216723211581,2.3589606417975784,1.2502534694084204,4.158936931544758,-0.2129863940788111,1.25025346940879,0.045054179077851586,0.6583900723454832,-0.0038761924154187,ppb
BRW4003_CH4,BRW4003,CH4,71.3230133057,DJF,24,local_level_kalman,20260815,24,1.8656736667701068,2.199084199070062,0.9755140002068762,4.151985999793169,,0.975514000207113,0.03515365766543255,0.10128537464587595,-0.013164002645680739,ppb
BRW4003_CH4,BRW4003,CH4,71.3230133057,DJF,24,seasonal_median,20260815,24,7.849374999999962,8.167656041260111,7.849374999999962,11.564999999999827,-0.07152943908844576,7.849375000000464,0.28286036036047335,-5.400742180089878,0.10478835978801726,ppb
BRW4003_CH4,BRW4003,CH4,71.3230133057,DJF,24,seasonal_residual_linear,20260815,24,1.9822916666667254,2.4462241567363066,0.26187500000021185,4.851599999999962,-0.10612090686669333,0.2618750000003729,0.009436936936936036,-0.4248408397769978,0.12256190476136908,ppb
BRW4003_CH4,BRW4003,CH4,71.3230133057,DJF,48,linear,20260815,48,1.5572874149660503,1.9617477976969777,1.232500000000087,4.461836734693861,0.36888100756758696,1.2325000000007549,0.08882882882880949,2.0602517264860865,0.0064558363021660625,ppb
BRW4003_CH4,BRW4003,CH4,71.3230133057,DJF,48,pchip,20260815,48,1.5596968277107284,1.9586685615531394,1.232500000000068,4.440740422783165,0.3554913614293444,1.2325000000005275,0.08882882882880949,3.7856818194585244,0.006046186236289941,ppb
BRW4003_CH4,BRW4003,CH4,71.3230133057,DJF,48,local_level_kalman,20260815,48,1.4912305152369971,1.9176657819593517,1.1266276971406484,4.4541276971406205,,1.1266276971409752,0.08119839258665706,-0.14502692287586427,0.012008274330582935,ppb
BRW4003_CH4,BRW4003,CH4,71.3230133057,DJF,48,seasonal_median,20260815,48,7.688124999999952,7.928968052338168,7.688124999999952,12.36999999999989,-0.08216132034544445,7.688125000000127,0.5540990990991759,-9.086712904071334,0.26911375661347847,ppb
BRW4003_CH4,BRW4003,CH4,71.3230133057,DJF,48,seasonal_residual_linear,20260815,48,1.564124149659899,2.066691550966653,0.488125000000134,5.370816326530758,-0.1237211001424132,0.4881250000005366,0.035180180180077514,-0.623162559278704,0.26083387323160423,ppb
BRW4003_CH4,BRW4003,CH4,71.3230133057,DJF,72,linear,20260815,72,4.100570776255795,4.291788680271225,3.9791666666667584,6.039863013698778,0.6327093703080287,3.9791666666667425,0.4301801801802867,3.573240632249018,-0.10223400014524486,ppb
BRW4003_CH4,BRW4003,CH4,71.3230133057,DJF,72,pchip,20260815,72,2.553533325569655,2.8279460529037626,2.356265179078674,4.665386688373474,0.6470623673031591,2.356265179078946,0.2547313707111698,5.946299856867064,-0.08873518719406093,ppb
BRW4003_CH4,BRW4003,CH4,71.3230133057,DJF,72,local_level_kalman,20260815,72,4.171218820453889,4.4711569953589105,4.134991739133527,8.095825072466823,,4.1349917391337385,0.4470261339604349,-5.146450459595222,0.056941104784755225,ppb
BRW4003_CH4,BRW4003,CH4,71.3230133057,DJF,72,seasonal_median,20260815,72,7.521249999999997,7.857444408895861,7.521249999999997,13.569999999999936,-0.13276301470601073,7.521250000000464,0.8131081081082812,-12.950096934236583,0.4474735449732634,ppb
BRW4003_CH4,BRW4003,CH4,71.3230133057,DJF,72,seasonal_residual_linear,20260815,72,3.4851864535769943,3.787352656486787,3.298750000000142,7.471712328767126,0.4974227687187979,3.2987500000001546,0.35662162162157074,2.3809080953562543,0.28559976806513987,ppb
RUN1042_CO2,RUN1042,CO2,-21.0796,DJF,1,linear,20260815,1,0.11450000000002092,0.11450000000002092,0.11450000000002092,0.11450000000002092,,0.11450000000002092,9.362224039932698e-05,0.0007591530151547232,0.0,ppm
RUN1042_CO2,RUN1042,CO2,-21.0796,DJF,1,pchip,20260815,1,0.1362388432931425,0.1362388432931425,0.1362388432931425,0.1362388432931425,,0.1362388432931425,0.00011139725535258549,0.0022289417474432582,0.0,ppm
RUN1042_CO2,RUN1042,CO2,-21.0796,DJF,1,local_level_kalman,20260815,1,0.43996209511789175,0.43996209511789175,-0.43996209511789175,0.43996209511789175,,-0.43996209511789175,-0.0003597400614125945,0.00654113182954319,0.0,ppm
RUN1042_CO2,RUN1042,CO2,-21.0796,DJF,1,seasonal_median,20260815,1,1.1720000000000255,1.1720000000000255,1.1720000000000255,1.1720000000000255,,1.1720000000000255,0.0009582992640844168,0.0028869177879204955,0.0,ppm
RUN1042_CO2,RUN1042,CO2,-21.0796,DJF,1,seasonal_residual_linear,20260815,1,0.10250000000002046,0.10250000000002046,-0.10250000000002046,0.10250000000002046,,-0.10250000000002046,-8.38103025557757e-05,0.0012444606145862736,0.0,ppm
RUN1042_CO2,RUN1042,CO2,-21.0796,DJF,3,linear,20260815,3,0.17299999999998286,0.2039844765335488,-0.17299999999998286,0.2769999999999868,-0.02220030681046532,-0.17299999999988813,-0.00042436631235887035,0.0022289417474432582,0.0,ppm
RUN1042_CO2,RUN1042,CO2,-21.0796,DJF,3,pchip,20260815,3,0.1345155581485642,0.15039691425500734,-0.10695079735508746,0.1977409568261237,0.09056845198249136,-0.10695079735506852,-0.0002623486443553702,0.0,0.0,ppm
RUN1042_CO2,RUN1042,CO2,-21.0796,DJF,3,local_level_kalman,20260815,3,0.7690755490518578,0.7725851841810608,-0.7690755490518578,0.8730755490518618,-5.151853942551521e-13,-0.7690755490517631,-0.0018865303738380135,0.027036318957907923,0.0,ppm
RUN1042_CO2,RUN1042,CO2,-21.0796,DJF,3,seasonal_median,20260815,3,1.0470000000000066,1.051581745118601,1.0470000000000066,1.1720000000000255,-0.1589538960090637,1.0470000000000255,0.0025682747343012124,0.005903413578119299,0.0,ppm
RUN1042_CO2,RUN1042,CO2,-21.0796,DJF,3,seasonal_residual_linear,20260815,3,0.27866666666665196,0.39120987547179636,0.25799999999998136,0.6614999999999895,-0.003903246182843598,0.25799999999998136,0.0006328699918185521,0.0028869177879204955,0.0,ppm
RUN1042_CO2,RUN1042,CO2,-21.0796,DJF,6,linear,20260815,6,0.3264999999999911,0.4028562605528899,-0.06783333333333985,0.7759999999999536,0.8663407714264676,-0.06783333333328301,-0.0003327882257053716,0.01025624944077741,0.0,ppm
RUN1042_CO2,RUN1042,CO2,-21.0796,DJF,6,pchip,20260815,6,0.2390211578830872,0.38796987695165613,0.14282714617168799,0.9150952223116633,0.9486865363230109,0.14282714617166903,0.0007007055413623675,-0.0061499268661133755,0.0,ppm
RUN1042_CO2,RUN1042,CO2,-21.0796,DJF,6,local_level_kalman,20260815,6,0.8191625605319075,0.8606731289920093,-0.6168271741312026,1.1679938407978625,,-0.6168271741311742,-0.003026134950744108,0.011927361821205906,0.0,ppm
RUN1042_CO2,RUN1042,CO2,-21.0796,DJF,6,seasonal_median,20260815,6,0.7314166666666798,0.8347939616057075,0.3155833333333267,1.1720000000000255,0.8894038474858438,0.3155833333333362,0.0015482420278090103,0.005562148135581424,0.0,ppm
RUN1042_CO2,RUN1042,CO2,-21.0796,DJF,6,seasonal_residual_linear,20260815,6,0.3290357142856995,0.44090527138299007,0.20258333333329878,0.7112857142856228,0.7904469819023894,0.20258333333327982,0.0009938675388525553,-0.006845406078603844,0.0,ppm
RUN1042_CO2,RUN1042,CO2,-21.0796,DJF,12,linear,20260815,12,0.5224935897435851,0.6246296595091092,0.2505833333333432,1.2541538461538835,0.9407237369039002,0.25058333333328164,0.002458708094877693,-0.006845406078603844,-0.008819004524923457,ppm
RUN1042_CO2,RUN1042,CO2,-21.0796,DJF,12,pchip,20260815,12,0.39237312243969313,0.5063164770872431,0.250583333333348,1.0399481110605393,0.9562837890704313,0.25058333333328164,0.002458708094877693,-0.009746222186198139,-0.004858898497957398,ppm
RUN1042_CO2,RUN1042,CO2,-21.0796,DJF,12,local_level_kalman,20260815,12,1.1817999908088506,1.4894828317972895,1.0095166482843798,2.6164333149510526,-5.6228162885125665e-14,1.0095166482842615,0.009905314619345518,-0.010642168309619393,-0.03891045715590735,ppm
RUN1042_CO2,RUN1042,CO2,-21.0796,DJF,12,seasonal_median,20260815,12,0.8293333333333427,0.9124683784475375,-0.3058333333333394,1.4370000000000118,0.935547582479805,-0.3058333333335099,-0.0030008176614728654,0.010531359127986306,0.02439215686274565,ppm
RUN1042_CO2,RUN1042,CO2,-21.0796,DJF,12,seasonal_residual_linear,20260815,12,0.4901346153846191,0.6595519628252801,-0.3853333333333353,1.3982307692307927,0.8754155700413255,-0.38533333333339215,-0.0037808667211720604,0.019621441745044876,0.005079939668178213,ppm
RUN1042_CO2,RUN1042,CO2,-21.0796,DJF,24,linear,20260815,24,2.1698050000000015,2.611637052055023,1.5784583333333444,4.360400000000027,0.61114864504038,1.5784583333333444,0.030975470155397034,0.02018770918950885,-0.07321803921570336,ppm
RUN1042_CO2,RUN1042,CO2,-21.0796,DJF,24,pchip,20260815,24,2.07533592852212,2.5453492670093607,1.3482792141681799,4.880281665460473,0.6112727192624571,1.3482792141682012,0.026458463728545212,-0.008872653997629598,-0.07606597141784732,ppm
RUN1042_CO2,RUN1042,CO2,-21.0796,DJF,24,local_level_kalman,20260815,24,2.1588810356280326,2.5956236596231497,0.610872818840619,6.278585514492704,0.0,0.6108728188406758,0.01198769227488583,-0.1485880017162895,-0.10574509803927867,ppm
RUN1042_CO2,RUN1042,CO2,-21.0796,DJF,24,seasonal_median,20260815,24,1.2665833333333414,1.7311570311981102,-1.00483333333334,5.253499999999974,0.8296485969907605,-1.0048333333332948,-0.01971872444806877,-0.010815433252499673,0.009852941176461627,ppm
RUN1042_CO2,RUN1042,CO2,-21.0796,DJF,24,seasonal_residual_linear,20260815,24,1.1015599999999945,1.34404720775226,-0.5713333333333305,3.667099999999948,0.8951377227290326,-0.5713333333333708,-0.01121177432537479,0.0562923754818776,0.046022352941122335,ppm
RUN1042_CO2,RUN1042,CO2,-21.0796,DJF,48,linear,20260815,48,2.8518669217687034,3.5359930161298454,2.207895833333332,6.509061224489756,0.37108806551349444,2.207895833333339,0.08665494685203612,0.30395825484672123,-0.19788035214088495,ppm
RUN1042_CO2,RUN1042,CO2,-21.0796,DJF,48,pchip,20260815,48,2.6941933619669407,3.2020250024379546,1.859576505512912,5.530500042858591,0.46113793063594694,1.859576505512905,0.07298419645519516,0.2277703933630768,-0.19845309277405931,ppm
RUN1042_CO2,RUN1042,CO2,-21.0796,DJF,48,local_level_kalman,20260815,48,2.6417842954246495,3.0001175404351312,0.6450134176464175,5.838382415686908,1.2125470067837476e-14,0.6450134176463962,0.025315326285408446,-0.36671117636275063,-0.2509607843138042,ppm
RUN1042_CO2,RUN1042,CO2,-21.0796,DJF,48,seasonal_median,20260815,48,1.646437500000007,2.1521740316480025,-1.4662708333333374,5.26400000000001,0.8512640961922432,-1.4662708333333399,-0.05754783319702028,-0.15042258717843282,-0.011666666666826586,ppm
RUN1042_CO2,RUN1042,CO2,-21.0796,DJF,48,seasonal_residual_linear,20260815,48,1.4168720238095187,1.7250692013872446,0.15622916666666598,4.189122448979617,0.829878728874695,0.15622916666666242,0.006131643499657002,0.06292076183109963,0.04560104041615887,ppm
RUN1042_CO2,RUN1042,CO2,-21.0796,DJF,72,linear,20260815,72,2.4701963470319637,3.1040163522798485,-0.14919444444445576,7.842287671232896,0.02008391324665639,-0.14919444444444707,-0.0087833197056284,-0.10636895273435876,-0.348132688691976,ppm
RUN1042_CO2,RUN1042,CO2,-21.0796,DJF,72,pchip,20260815,72,2.470679278271647,3.1032986022853235,-0.14889799373717713,7.859107794812132,0.060526639880243364,-0.14889799373713686,-0.008765867170097863,-0.6829612274588239,-0.34820007625364724,ppm
RUN1042_CO2,RUN1042,CO2,-21.0796,DJF,72,local_level_kalman,20260815,72,2.4607839763932344,3.1776837878211293,-0.6943060195226936,8.408111575078237,2.80060514524454e-15,-0.6943060195227417,-0.04087492510677748,-0.42726774964735625,-0.34921568627453325,ppm
RUN1042_CO2,RUN1042,CO2,-21.0796,DJF,72,seasonal_median,20260815,72,1.6103958333333328,2.174389081666896,-1.1297986111111098,6.946499999999958,0.8085092994462441,-1.1297986111111413,-0.06651308258375366,-0.18019315748934694,-0.0016862745097796505,ppm
RUN1042_CO2,RUN1042,CO2,-21.0796,DJF,72,seasonal_residual_linear,20260815,72,2.432459189497722,2.956357966105226,-2.27479861111112,7.964636986301343,0.7985740152389421,-2.27479861111118,-0.13392109566638055,-0.28628194060640944,0.004947085683511432,ppm
RUN1042_CO2,RUN1042,CO2,-21.0796,SON,1,linear,20260815,1,0.15999999999996817,0.15999999999996817,0.15999999999996817,0.15999999999996817,,0.15999999999996817,0.0001308258381413907,-0.009854268778598296,0.0,ppm
RUN1042_CO2,RUN1042,CO2,-21.0796,SON,1,pchip,20260815,1,0.13964434364993394,0.13964434364993394,0.13964434364993394,0.13964434364993394,,0.13964434364993394,0.00011418180179134652,-0.009052679874208991,0.0,ppm
RUN1042_CO2,RUN1042,CO2,-21.0796,SON,1,local_level_kalman,20260815,1,0.2587535317978791,0.2587535317978791,0.2587535317978791,0.2587535317978791,,0.2587535317978791,0.00021157279792305417,-0.013582421888640894,0.0,ppm
RUN1042_CO2,RUN1042,CO2,-21.0796,SON,1,seasonal_median,20260815,1,2.5634999999999764,2.5634999999999764,2.5634999999999764,2.5634999999999764,,2.5634999999999764,0.0020960752248697645,-0.0557950857369125,0.0,ppm
RUN1042_CO2,RUN1042,CO2,-21.0796,SON,1,seasonal_residual_linear,20260815,1,0.1490000000000009,0.1490000000000009,0.1490000000000009,0.1490000000000009,,0.1490000000000009,0.00012183156172795861,-0.009557711144818626,0.0,ppm
RUN1042_CO2,RUN1042,CO2,-21.0796,SON,3,linear,20260815,3,0.20333333333331893,0.23701160309148392,-0.15100000000001046,0.3684999999999832,-0.9985230559195291,-0.1510000000000673,-0.0003704006541056515,0.02624369070121446,0.0,ppm
RUN1042_CO2,RUN1042,CO2,-21.0796,SON,3,pchip,20260815,3,0.1929326112798435,0.22744129981470113,-0.15130264642743896,0.35298971084802133,-0.9986885055090653,-0.15130264642743896,-0.0003711430410930916,0.027663987305359683,0.0,ppm
RUN1042_CO2,RUN1042,CO2,-21.0796,SON,3,local_level_kalman,20260815,3,0.2351152530620766,0.2822620216910373,-0.2351152530620766,0.42011525306207886,,-0.2351152530620766,-0.0005767340630882245,0.04561248107350124,0.0,ppm
RUN1042_CO2,RUN1042,CO2,-21.0796,SON,3,seasonal_median,20260815,3,1.978333333333315,2.023810226610504,1.978333333333315,2.5634999999999764,-0.9398485223592451,1.9783333333332962,0.004852820932171653,-0.14694108892751068,0.0,ppm
RUN1042_CO2,RUN1042,CO2,-21.0796,SON,3,seasonal_residual_linear,20260815,3,0.5296666666666852,0.557830171288733,-0.5296666666666852,0.6949999999999932,0.17760698930958696,-0.529666666666742,-0.0012992641046594144,0.07994011196049478,0.0,ppm
RUN1042_CO2,RUN1042,CO2,-21.0796,SON,6,linear,20260815,6,0.33952380952382555,0.42991350182056876,-0.32100000000000745,0.7707142857142912,0.792287000353394,-0.32100000000014006,-0.0015748160261637167,0.08843524609592812,0.0,ppm
RUN1042_CO2,RUN1042,CO2,-21.0796,SON,6,pchip,20260815,6,0.38919282592057886,0.4761261380045396,-0.3563379387180798,0.8424329700937392,0.7578643315669054,-0.35633793871812713,-0.001748182855521918,0.09190901987223832,0.0,ppm
RUN1042_CO2,RUN1042,CO2,-21.0796,SON,6,local_level_kalman,20260815,6,0.5078211963052297,0.570648413901973,-0.34746358891568246,0.8804635889156884,-1.0464507197750713e-13,-0.34746358891578666,-0.0017046455711238195,0.0931187804569138,0.0,ppm
RUN1042_CO2,RUN1042,CO2,-21.0796,SON,6,seasonal_median,20260815,6,1.5348333333333244,1.6891009442895804,1.5348333333333244,2.5634999999999764,0.9094570639631189,1.5348333333333244,0.007529844644352579,-0.2586585582523231,0.0,ppm
RUN1042_CO2,RUN1042,CO2,-21.0796,SON,6,seasonal_residual_linear,20260815,6,0.28978571428571814,0.3302947457160358,-0.10016666666666652,0.4972142857142785,0.7842448173658092,-0.1001666666667802,-0.0004914145543466475,0.03413021117702186,0.0,ppm
RUN1042_CO2,RUN1042,CO2,-21.0796,SON,12,linear,20260815,12,0.5993397435897426,0.6613044655480917,-0.20858333333332743,1.0267692307692187,0.956492949013414,-0.208583333333479,-0.0020466067048232617,0.14453121447287387,-0.013567119155368346,ppm
RUN1042_CO2,RUN1042,CO2,-21.0796,SON,12,pchip,20260815,12,0.8700354131647572,0.9605187387562792,-0.6704391824835483,1.416467967365577,0.9055984994146191,-0.6704391824836762,-0.006578307595873412,0.2874659417484082,-0.00915774875744546,ppm
RUN1042_CO2,RUN1042,CO2,-21.0796,SON,12,local_level_kalman,20260815,12,1.3094780622699507,1.729009742003172,1.0066008534765085,3.292684186809879,-6.739229734867464e-14,1.0066008534763569,0.009876705021895305,-0.25681699942887093,-0.06456243503549786,ppm
RUN1042_CO2,RUN1042,CO2,-21.0796,SON,12,seasonal_median,20260815,12,1.0910416666666691,1.3252135598335284,1.0617083333333284,2.5634999999999764,0.9164397583341375,1.061708333333229,0.010417416189739015,-0.3113604552373648,-0.025774509803909496,ppm
RUN1042_CO2,RUN1042,CO2,-21.0796,SON,12,seasonal_residual_linear,20260815,12,0.9166185897436065,1.086426752312851,-0.8287916666666746,1.7656923076923476,0.8664436850463882,-0.8287916666667456,-0.008132052330324768,0.30481079106276177,-0.010332579185501345,ppm
RUN1042_CO2,RUN1042,CO2,-21.0796,SON,24,linear,20260815,24,1.6518599999999946,2.104806431321727,0.7746666666666565,3.787959999999998,0.3261207337135767,0.7746666666666329,0.015201962387607182,-0.5626492104268266,-0.07427529411774003,ppm
RUN1042_CO2,RUN1042,CO2,-21.0796,SON,24,pchip,20260815,24,1.646945557333332,2.1005927462141423,0.774666666666659,3.786442432000058,0.3563380949178014,0.7746666666666897,0.015201962387607182,-0.5626492104268266,-0.07414024658828566,ppm
RUN1042_CO2,RUN1042,CO2,-21.0796,SON,24,local_level_kalman,20260815,24,1.735844129762114,2.189139124428071,0.9538925780957422,3.970225911429111,,0.953892578095747,0.018719069398457577,-0.8655318195196546,-0.07570588235302012,ppm
RUN1042_CO2,RUN1042,CO2,-21.0796,SON,24,seasonal_median,20260815,24,1.1020000000000063,1.3922631531071974,0.7196249999999959,3.0819999999999936,0.8344375086873745,0.7196250000000077,0.014121831561794806,-0.37973839990346825,0.03465686274506652,ppm
RUN1042_CO2,RUN1042,CO2,-21.0796,SON,24,seasonal_residual_linear,20260815,24,2.1066583333333404,2.3584021223772167,-2.0446250000000084,4.081799999999987,0.8470418072080094,-2.0446249999999964,-0.04012346688472235,1.0117626710291674,0.04338627450977128,ppm
RUN1042_CO2,RUN1042,CO2,-21.0796,SON,48,linear,20260815,48,1.5438511904761885,2.029018996777928,1.0055000000000014,3.9021428571428487,-0.039758034598704986,1.00549999999987,0.039463614063777186,-1.0909105542523054,-0.15098599439778582,ppm
RUN1042_CO2,RUN1042,CO2,-21.0796,SON,48,pchip,20260815,48,1.5371401615158327,2.0196687131901934,0.9867665616719243,3.878645212485594,-0.03374080327349284,0.9867665616719137,0.03872836873279084,-1.2351232011091113,-0.15075951576068292,ppm
RUN1042_CO2,RUN1042,CO2,-21.0796,SON,48,local_level_kalman,20260815,48,1.7456635512462821,2.214949841642404,1.3429958461061524,4.219995846106144,,1.3429958461060778,0.05270956714070962,-2.0843967173430986,-0.1517254901960996,ppm
RUN1042_CO2,RUN1042,CO2,-21.0796,SON,48,seasonal_median,20260815,48,1.251979166666673,1.5567618870324014,1.034104166666669,3.344000000000051,0.8367746919016582,1.034104166666566,0.04058626328696846,-1.0892679501440004,0.06662745098032019,ppm
RUN1042_CO2,RUN1042,CO2,-21.0796,SON,48,seasonal_residual_linear,20260815,48,1.8919910714285741,2.187028930571058,-1.7973958333333364,4.445285714285717,0.8174873508699535,-1.7973958333333826,-0.07054374488961912,1.724473761471625,0.07489635854341259,ppm
RUN1042_CO2,RUN1042,CO2,-21.0796,SON,72,linear,20260815,72,2.862732876712324,3.312817343634125,2.6656944444444357,6.009438356164367,0.2985471380212981,2.665694444444398,0.15693376941948145,-4.29085650129112,-0.21985200107445735,ppm
RUN1042_CO2,RUN1042,CO2,-21.0796,SON,72,pchip,20260815,72,2.9110047857805625,3.39943186250873,2.6656944444444344,6.415929769136028,0.26463582423047566,2.665694444444398,0.15693376941948145,-4.065007183252826,-0.2190313098873844,ppm
RUN1042_CO2,RUN1042,CO2,-21.0796,SON,72,local_level_kalman,20260815,72,2.4602714291745023,2.837496867936455,2.055531807916831,5.347337363472377,,2.0555318079167932,0.12101250218324822,-4.861482315920961,-0.2607254901961369,ppm
RUN1042_CO2,RUN1042,CO2,-21.0796,SON,72,seasonal_median,20260815,72,1.158159722222226,1.4632250493819774,0.5902986111111138,3.3085000000000377,0.7934188931395912,0.590298611111109,0.03475183973836238,-1.0318342400728007,0.07036274509800933,ppm
RUN1042_CO2,RUN1042,CO2,-21.0796,SON,72,seasonal_residual_linear,20260815,72,1.3210514649923968,1.5982911035013634,-0.16570138888888644,3.561157534246547,0.8042789342640422,-0.1657013888889196,-0.009755110384332966,0.24850674174711784,0.11816935267250983,ppm
TLL3005_CO2,TLL3005,CO2,-30.16833,DJF,1,linear,20260815,1,0.040000000000020464,0.040000000000020464,0.040000000000020464,0.040000000000020464,,0.040000000000020464,1.364721936170099e-05,8.881784197001252e-16,0.0,ppm
TLL3005_CO2,TLL3005,CO2,-30.16833,DJF,1,pchip,20260815,1,0.03999999999996362,0.03999999999996362,0.03999999999996362,0.03999999999996362,,0.03999999999996362,1.364721936170099e-05,8.881784197001252e-16,0.0,ppm
TLL3005_CO2,TLL3005,CO2,-30.16833,DJF,1,local_level_kalman,20260815,1,0.12084198536609847,0.12084198536609847,0.12084198536609847,0.12084198536609847,,0.12084198536609847,4.122892710256565e-05,-2.3092638912203256e-13,0.0,ppm
TLL3005_CO2,TLL3005,CO2,-30.16833,DJF,1,seasonal_median,20260815,1,1.2100000000000364,1.2100000000000364,-1.2100000000000364,1.2100000000000364,,-1.2100000000000364,-0.00041282838623146745,-0.005113937077754649,0.0,ppm
TLL3005_CO2,TLL3005,CO2,-30.16833,DJF,1,seasonal_residual_linear,20260815,1,0.04499999999990223,0.04499999999990223,0.04499999999990223,0.04499999999990223,,0.04499999999990223,1.535312173928105e-05,5.594135376618681e-05,0.0,ppm
TLL3005_CO2,TLL3005,CO2,-30.16833,DJF,3,linear,20260815,3,0.12000000000000455,0.1375378735718651,-0.02333333333335001,0.21500000000003183,0.880324540927568,-0.0233333333334258,-2.3882633854555024e-05,0.00021199593673060235,0.0,ppm
TLL3005_CO2,TLL3005,CO2,-30.16833,DJF,3,pchip,20260815,3,0.12184071729960048,0.13904341527400588,-0.022489451476815248,0.2164952531646236,0.8538583164692962,-0.02248945147687209,-2.301888588362999e-05,0.00021199593673060235,0.0,ppm
TLL3005_CO2,TLL3005,CO2,-30.16833,DJF,3,local_level_kalman,20260815,3,0.12945233614595963,0.1392132154826651,-0.004976324895475652,0.20164299156215293,,-0.004976324895494599,-5.0934748401232355e-06,8.85232487988219e-05,0.0,ppm
TLL3005_CO2,TLL3005,CO2,-30.16833,DJF,3,seasonal_median,20260815,3,1.3433333333333433,1.3514806694881085,-1.3433333333333433,1.5500000000000114,-0.3549134946013423,-1.3433333333333621,-0.0013749573524819425,-0.01541769867244458,0.0,ppm
TLL3005_CO2,TLL3005,CO2,-30.16833,DJF,3,seasonal_residual_linear,20260815,3,0.113333333333325,0.14684175155587897,-0.04833333333334622,0.24250000000000682,0.08550801154070829,-0.04833333333334622,-4.9471170257220365e-05,0.00021199593673060235,0.0,ppm
TLL3005_CO2,TLL3005,CO2,-30.16833,DJF,6,linear,20260815,6,0.07452380952381077,0.09313328902067979,0.008333333333335228,0.18285714285713084,0.48443440394919685,0.008333333333325754,1.705902411686111e-05,5.594135376529863e-05,0.0,ppm
TLL3005_CO2,TLL3005,CO2,-30.16833,DJF,6,pchip,20260815,6,0.08362301622977952,0.0964873171876949,0.032885462555090804,0.15062894131847315,0.5584427911247587,0.03288546255504343,6.731926822567402e-05,-2.3092638912203256e-13,0.0,ppm
TLL3005_CO2,TLL3005,CO2,-30.16833,DJF,6,local_level_kalman,20260815,6,0.1027526825917467,0.13329577142053478,-0.08492471444190149,0.2682580477752481,-9.221220189530859e-14,-0.08492471444196781,-0.00017384793130759135,5.594135376618681e-05,0.0,ppm
TLL3005_CO2,TLL3005,CO2,-30.16833,DJF,6,seasonal_median,20260815,6,1.3316666666666777,1.335945358164034,-1.3316666666666777,1.5500000000000114,0.05487715613638173,-1.3316666666666492,-0.002726032070995643,-0.03052529497222789,0.0,ppm
TLL3005_CO2,TLL3005,CO2,-30.16833,DJF,6,seasonal_residual_linear,20260815,6,0.06726190476190179,0.10814727612535581,-0.02916666666666856,0.25214285714287143,0.2021830983894594,-0.02916666666664014,-5.970658480691782e-05,0.0001098498460851971,0.0,ppm
TLL3005_CO2,TLL3005,CO2,-30.16833,DJF,12,linear,20260815,12,0.1985897435897499,0.254024024706732,0.11833333333332519,0.4869230769230626,-0.7245316078030624,0.1183333333333394,0.00048447628790881936,0.0030229050272705393,0.0,ppm
TLL3005_CO2,TLL3005,CO2,-30.16833,DJF,12,pchip,20260815,12,0.19740269469464522,0.25284674370632265,0.11935103542661807,0.4850002691414943,-0.5702967402098769,0.11935103542663228,0.0004886429289854277,0.003022905027173728,0.0,ppm
TLL3005_CO2,TLL3005,CO2,-30.16833,DJF,12,local_level_kalman,20260815,12,0.1910382727684284,0.23653354541788282,0.08456296994386037,0.44622963661055337,,0.08456296994393142,0.00034621482058128095,0.0024604310154252573,0.0,ppm
TLL3005_CO2,TLL3005,CO2,-30.16833,DJF,12,seasonal_median,20260815,12,1.1375000000000075,1.1653003904573367,-1.1375000000000075,1.5500000000000114,-0.5882940923142443,-1.1374999999999318,-0.004657113613063757,-0.058094524378344836,0.0,ppm
TLL3005_CO2,TLL3005,CO2,-30.16833,DJF,12,seasonal_residual_linear,20260815,12,0.18352564102565339,0.2125441130683355,0.027499999999984464,0.3423076923077133,0.4404273532122916,0.027500000000088676,0.00011258955987614172,0.0021172983329478257,0.0,ppm
TLL3005_CO2,TLL3005,CO2,-30.16833,DJF,24,linear,20260815,24,0.21166666666666364,0.2782750437965994,0.03666666666666648,0.6487999999999943,0.672096852496323,0.03666666666663332,0.0003002388262984823,0.012374201178485755,-0.007291803278747011,ppm
TLL3005_CO2,TLL3005,CO2,-30.16833,DJF,24,pchip,20260815,24,0.2248917021383671,0.29685213208296957,0.11577044025156387,0.7215501886792595,0.6822369944193307,0.11577044025153782,0.0009479667574510131,0.014580380755770506,-0.006975225388202944,ppm
TLL3005_CO2,TLL3005,CO2,-30.16833,DJF,24,local_level_kalman,20260815,24,0.2819277286095314,0.3474975094722873,0.06479940998099683,0.8231327433143178,1.387498286179951e-14,0.06479940998104894,0.0005305990581518927,0.015504180468777662,-0.008278688524569588,ppm
TLL3005_CO2,TLL3005,CO2,-30.16833,DJF,24,seasonal_median,20260815,24,1.0137500000000041,1.0545881897688831,-1.0137500000000041,1.5500000000000114,0.6097765645862854,-1.013750000000016,-0.008300921187355925,-0.10620535584184143,-0.004262295081957745,ppm
TLL3005_CO2,TLL3005,CO2,-30.16833,DJF,24,seasonal_residual_linear,20260815,24,0.17986666666667142,0.2308684690467786,0.0462499999999982,0.4888000000000261,0.8042210564431981,0.0462500000000432,0.00037871033771352813,0.010670961565254267,-0.0032983606558332212,ppm
TLL3005_CO2,TLL3005,CO2,-30.16833,DJF,48,linear,20260815,48,0.26213860544216416,0.33021167968645987,0.20354166666665327,0.8642857142856997,0.5802975797358452,0.20354166666663787,0.0033333333333303017,0.03924347645595372,-0.011990632318543248,ppm
TLL3005_CO2,TLL3005,CO2,-30.16833,DJF,48,pchip,20260815,48,0.2548010165123813,0.3272773707876294,0.20354166666665208,0.8761807580174832,0.5662494718469281,0.20354166666663787,0.0033333333333303017,0.038295182964612984,-0.011918999402041663,ppm
TLL3005_CO2,TLL3005,CO2,-30.16833,DJF,48,local_level_kalman,20260815,48,0.34173719162280136,0.4062174722285579,0.2697339951628959,0.9061923284962177,5.068559033474415e-14,0.2697339951629374,0.004417342807130353,0.04381099013403844,-0.01278688524593008,ppm
TLL3005_CO2,TLL3005,CO2,-30.16833,DJF,48,seasonal_median,20260815,48,0.8972916666666736,0.9343446901438525,-0.8972916666666736,1.5500000000000114,0.5631471111645423,-0.8972916666667174,-0.014694643466327761,-0.20535334845430597,-0.004754098360763237,ppm
TLL3005_CO2,TLL3005,CO2,-30.16833,DJF,48,seasonal_residual_linear,20260815,48,0.25732142857141227,0.302537946683822,0.2127083333333116,0.6935714285714312,0.7570964047116407,0.21270833333335304,0.003483452746479543,0.038295182964612984,-0.003981264637047843,ppm
TLL3005_CO2,TLL3005,CO2,-30.16833,DJF,72,linear,20260815,72,0.37817351598173193,0.4486903401110582,0.3572222222222179,1.059315068493106,-0.027233939775766092,0.35722222222221944,0.008775162060715047,0.06031122990077442,-0.014123063103511413,ppm
TLL3005_CO2,TLL3005,CO2,-30.16833,DJF,72,pchip,20260815,72,0.37638785583078277,0.448848465774488,0.3572482013710317,1.050871946652478,-0.0954739529132629,0.3572482013710214,0.008775800238367992,0.05713290502772317,-0.014106669503462399,ppm
TLL3005_CO2,TLL3005,CO2,-30.16833,DJF,72,local_level_kalman,20260815,72,0.41483316615675075,0.4868428663404071,0.405159534148565,1.09793731192633,,0.4051595341485381,0.009952741882841565,0.05113713211398441,-0.013934426229525343,ppm
TLL3005_CO2,TLL3005,CO2,-30.16833,DJF,72,seasonal_median,20260815,72,0.959236111111119,0.9889161786184648,-0.959236111111119,1.5500000000000114,0.4631469447298116,-0.9592361111111245,-0.023563630160367666,-0.3326703704604066,-0.0018852459016329703,ppm
TLL3005_CO2,TLL3005,CO2,-30.16833,DJF,72,seasonal_residual_linear,20260815,72,0.3848772831050293,0.43836438311300463,0.3657638888888981,0.8954794520548148,0.45218306122741314,0.36576388888886413,0.008984988058671206,0.05713290502726487,-0.0020974623849383534,ppm
TLL3005_CO2,TLL3005,CO2,-30.16833,SON,1,linear,20260815,1,0.025000000000034106,0.025000000000034106,0.025000000000034106,0.025000000000034106,,0.025000000000034106,8.529512058430555e-06,8.881784197001252e-16,0.0,ppm
TLL3005_CO2,TLL3005,CO2,-30.16833,SON,1,pchip,20260815,1,0.03772727272729526,0.03772727272729526,0.03772727272729526,0.03772727272729526,,0.03772727272729526,1.2871809133230272e-05,5.594135410635914e-05,0.0,ppm
TLL3005_CO2,TLL3005,CO2,-30.16833,SON,1,local_level_kalman,20260815,1,0.024418773432330454,0.024418773432330454,-0.024418773432330454,0.024418773432330454,,-0.024418773432330454,-8.331209016887442e-06,5.594135376529863e-05,0.0,ppm
TLL3005_CO2,TLL3005,CO2,-30.16833,SON,1,seasonal_median,20260815,1,0.009999999999990905,0.009999999999990905,-0.009999999999990905,0.009999999999990905,,-0.009999999999990905,-3.411804868846957e-06,8.881784197001252e-16,0.0,ppm
TLL3005_CO2,TLL3005,CO2,-30.16833,SON,1,seasonal_residual_linear,20260815,1,0.03000000000002956,0.03000000000002956,0.03000000000002956,0.03000000000002956,,0.03000000000002956,1.0235414436010615e-05,8.881784197001252e-16,0.0,ppm
TLL3005_CO2,TLL3005,CO2,-30.16833,SON,3,linear,20260815,3,0.021666666666684858,0.025413251136636752,0.01833333333331666,0.03750000000002274,0.9122454608390714,0.018333333333259816,1.8764926608128008e-05,-4.636291350834654e-13,0.0,ppm
TLL3005_CO2,TLL3005,CO2,-30.16833,SON,3,pchip,20260815,3,0.021666666666665908,0.02523973595015157,0.018333333333335606,0.036562500000002274,0.9122454608393811,0.018333333333259816,1.8764926664971426e-05,-2.3092638912203256e-13,0.0,ppm
TLL3005_CO2,TLL3005,CO2,-30.16833,SON,3,local_level_kalman,20260815,3,0.03297013147908956,0.042781343931959176,0.01442293889611316,0.07108960556280408,-9.408789635495227e-13,0.014422938896018422,1.4762475757379434e-05,-2.3092638912203256e-13,0.0,ppm
TLL3005_CO2,TLL3005,CO2,-30.16833,SON,3,seasonal_median,20260815,3,0.05333333333336062,0.081240384046386,0.040000000000001514,0.1400000000000432,-0.9727491151535314,0.03999999999996362,4.094165814194639e-05,5.594135410724732e-05,0.0,ppm
TLL3005_CO2,TLL3005,CO2,-30.16833,SON,3,seasonal_residual_linear,20260815,3,0.049999999999954525,0.06137317546506372,-0.049999999999954525,0.10000000000002274,0.6564046603480018,-0.049999999999954525,-5.1177072634800425e-05,0.00021199593673060235,0.0,ppm
TLL3005_CO2,TLL3005,CO2,-30.16833,SON,6,linear,20260815,6,0.11404761904762495,0.13581324712722606,-0.018333333333326134,0.26142857142860976,-0.541805093142036,-0.018333333333259816,-3.7529853273099434e-05,-0.00011845926834475051,0.0007611241217091447,ppm
TLL3005_CO2,TLL3005,CO2,-30.16833,SON,6,pchip,20260815,6,0.12198517194895923,0.13671950620105502,-0.0011290322580540153,0.24384181322301401,-0.6043023516069097,-0.0011290322580066459,-2.31122265859085e-06,0.0,0.0009396589337598016,ppm
TLL3005_CO2,TLL3005,CO2,-30.16833,SON,6,local_level_kalman,20260815,6,0.11741929773299375,0.16645886540962943,-0.11559122653228353,0.3372578931989665,,-0.1155912265322172,-0.00023662482402642127,-2.3092638912203256e-13,2.2476285266748164e-05,ppm
TLL3005_CO2,TLL3005,CO2,-30.16833,SON,6,seasonal_median,20260815,6,0.1116666666666788,0.14056433876817997,0.018333333333335606,0.25,-0.0839326088426344,0.018333333333373503,3.7529853216256015e-05,0.0001098498460851971,0.002049180327844624,ppm
TLL3005_CO2,TLL3005,CO2,-30.16833,SON,6,seasonal_residual_linear,20260815,6,0.1300000000000144,0.1544614299213208,0.05333333333336062,0.28000000000002956,-0.25518196616064215,0.05333333333345536,0.00010917775495045134,0.00021199593673060235,0.0022950819671905265,ppm
TLL3005_CO2,TLL3005,CO2,-30.16833,SON,12,linear,20260815,12,0.09474358974358192,0.1262983849907875,-0.02500000000000095,0.3169230769231035,0.6486660272642691,-0.02500000000009095,-0.00010235414538328769,-0.0005369633931966433,-0.0008385876419083615,ppm
TLL3005_CO2,TLL3005,CO2,-30.16833,SON,12,pchip,20260815,12,0.09189600878265954,0.11575613401372381,0.022074235807868565,0.25114779383557106,0.7232442938251656,0.02207423580773593,9.037558152158454e-05,-0.0005369633934693141,-0.0005649845374477991,ppm
TLL3005_CO2,TLL3005,CO2,-30.16833,SON,12,local_level_kalman,20260815,12,0.14660882973131587,0.17699574097659376,-0.07321765946263763,0.40321765946265486,-5.585273495931024e-13,-0.07321765946278447,-0.00029976523831010127,-0.0002465813773122605,-0.00229508196724737,ppm
TLL3005_CO2,TLL3005,CO2,-30.16833,SON,12,seasonal_median,20260815,12,0.08125000000001137,0.10738365797458085,0.024583333333339397,0.25,0.7647687004693186,0.024583333333339397,0.00010064824289202079,-0.00024658137706179417,0.001639344262287068,ppm
TLL3005_CO2,TLL3005,CO2,-30.16833,SON,12,seasonal_residual_linear,20260815,12,0.09259615384615927,0.11821793759507301,-0.0054166666666333185,0.2584615384615745,0.7659895380879348,-0.005416666666747005,-2.2176731476974965e-05,0.0007005874309333748,0.002522068095800023,ppm
TLL3005_CO2,TLL3005,CO2,-30.16833,SON,24,linear,20260815,24,0.20038333333333944,0.2274968864255839,0.17708333333333806,0.39039999999999964,0.5144756219635211,0.17708333333331439,0.0014500170590281414,-0.003380645268165061,-0.0020885245901922644,ppm
TLL3005_CO2,TLL3005,CO2,-30.16833,SON,24,pchip,20260815,24,0.2188050259649259,0.24819095578824654,0.1984965886939752,0.41984811415204604,0.2824946406322648,0.19849658869395626,0.0016253558951575542,-0.002906957985844727,-0.0022189320602024054,ppm
TLL3005_CO2,TLL3005,CO2,-30.16833,SON,24,local_level_kalman,20260815,24,0.14023692792771195,0.1737250951457468,0.08034663835226279,0.33173669498108893,,0.08034663835229594,0.00065790491998996,-0.0032552675610961757,-0.0022950819671905265,ppm
TLL3005_CO2,TLL3005,CO2,-30.16833,SON,24,seasonal_median,20260815,24,0.13312500000000918,0.15721203834313308,0.10479166666667321,0.28000000000002956,0.6489230059174496,0.10479166666669926,0.0008580689184896073,-0.0022101704075883077,0.001639344262287068,ppm
TLL3005_CO2,TLL3005,CO2,-30.16833,SON,24,seasonal_residual_linear,20260815,24,0.14179166666665566,0.16481896634387674,0.12479166666665502,0.29719999999997526,0.7154518556935425,0.12479166666673791,0.0010218355510005495,-0.0022561193624328624,0.0018229508195872768,ppm
TLL3005_CO2,TLL3005,CO2,-30.16833,SON,48,linear,20260815,48,0.10904761904762594,0.14172677796323183,0.07333333333334598,0.3491836734693834,0.4376963985462754,0.07333333333338032,0.0012009553053644595,-0.004598221732591057,-0.002517564402808148,ppm
TLL3005_CO2,TLL3005,CO2,-30.16833,SON,48,pchip,20260815,48,0.15720970625188713,0.19212670493606807,0.13970501474928554,0.4142232523517464,0.34097061240701904,0.13970501474932462,0.002287901981446794,-0.004967239595617734,-0.002708871398624524,ppm
TLL3005_CO2,TLL3005,CO2,-30.16833,SON,48,local_level_kalman,20260815,48,0.10803959080624637,0.13218423724535422,0.045419713274236294,0.39791362005911424,,0.045419713274270634,0.0007438233494099222,-0.004598221732941887,-0.003360655737651541,ppm
TLL3005_CO2,TLL3005,CO2,-30.16833,SON,48,seasonal_median,20260815,48,0.15916666666666993,0.1821286175573034,0.14166666666666927,0.339999999999975,0.5029445546941899,0.14166666666670835,0.0023200272943313394,-0.003817802937060577,0.004590163934381053,ppm
TLL3005_CO2,TLL3005,CO2,-30.16833,SON,48,seasonal_residual_linear,20260815,48,0.0922534013605431,0.11908666026495901,0.019166666666666998,0.28346938775507624,0.6379524431263476,0.019166666666706078,0.0003138860456601833,0.0007005874309324867,0.0053981264636604465,ppm
TLL3005_CO2,TLL3005,CO2,-30.16833,SON,72,linear,20260815,72,0.13456811263319443,0.17377386283142085,0.11708333333335474,0.6628767123287957,0.574457481147789,0.1170833333334258,0.0028761514841448843,-0.010894522910170679,-0.00853020435658891,ppm
TLL3005_CO2,TLL3005,CO2,-30.16833,SON,72,pchip,20260815,72,0.13719489943742977,0.179455850209894,0.11708333333335554,0.6265682733659901,0.5602478111711293,0.1170833333334258,0.002876151484088041,-0.009411071172595875,-0.008498930069094968,ppm
TLL3005_CO2,TLL3005,CO2,-30.16833,SON,72,local_level_kalman,20260815,72,0.13178634904274292,0.17586856943597565,0.0828364157301138,0.7457530823967886,-9.160122111244399e-14,0.08283641573018485,0.0020348761284481043,-0.0123708265365563,-0.009426229508164852,ppm
TLL3005_CO2,TLL3005,CO2,-30.16833,SON,72,seasonal_median,20260815,72,0.2125000000000049,0.23991462601888167,0.20125000000000406,0.5900000000000318,0.5517930371262012,0.20125000000001592,0.004943705220057382,-0.009838555074293431,0.002377049180324775,ppm
TLL3005_CO2,TLL3005,CO2,-30.16833,SON,72,seasonal_residual_linear,20260815,72,0.09459665144597709,0.11918151390728632,0.061250000000017714,0.3390410958904795,0.7753880034320256,0.06125000000002956,0.0015046059365886322,-0.003936580503046905,0.003225915113375777,ppm
BRW4003_CO2,BRW4003,CO2,71.3230133057,DJF,1,linear,20260815,1,0.05500000000000682,0.05500000000000682,-0.05500000000000682,0.05500000000000682,,-0.05500000000000682,-8.258258264959295e-05,-0.004226528446816147,0.0,ppm
BRW4003_CO2,BRW4003,CO2,71.3230133057,DJF,1,pchip,20260815,1,0.04365023118322142,0.04365023118322142,-0.04365023118322142,0.04365023118322142,,-0.04365023118322142,-6.554088770371891e-05,-0.0042265284468143705,0.0,ppm
BRW4003_CO2,BRW4003,CO2,71.3230133057,DJF,1,local_level_kalman,20260815,1,0.11396090144927484,0.11396090144927484,-0.11396090144927484,0.11396090144927484,,-0.11396090144927484,-0.00017111246472722996,-0.006591833357418864,0.0,ppm
BRW4003_CO2,BRW4003,CO2,71.3230133057,DJF,1,seasonal_median,20260815,1,0.6850000000000023,0.6850000000000023,0.6850000000000023,0.6850000000000023,,0.6850000000000023,0.001028528528422612,-0.02959537082094421,0.0,ppm
BRW4003_CO2,BRW4003,CO2,71.3230133057,DJF,1,seasonal_residual_linear,20260815,1,0.029999999999972715,0.029999999999972715,-0.029999999999972715,0.029999999999972715,,-0.029999999999972715,-4.5045045112601656e-05,0.0,0.0,ppm
BRW4003_CO2,BRW4003,CO2,71.3230133057,DJF,3,linear,20260815,3,0.04666666666666212,0.05354126134736068,0.0,0.06999999999999318,0.9976086055845321,5.684341886080802e-14,0.0,-0.009152991540874567,0.0,ppm
BRW4003_CO2,BRW4003,CO2,71.3230133057,DJF,3,pchip,20260815,3,0.04750000000001364,0.05646025519484934,0.018750000000030315,0.08687500000002046,0.9998860322432037,0.018750000000068212,8.4459459401387e-05,-0.009152991540874567,0.0,ppm
BRW4003_CO2,BRW4003,CO2,71.3230133057,DJF,3,local_level_kalman,20260815,3,0.08859617915597558,0.10247035587273166,-0.005788537467935839,0.1257885374679404,0.0,-0.005788537467878996,-2.607449312108656e-05,-0.009152991540874567,0.0,ppm
BRW4003_CO2,BRW4003,CO2,71.3230133057,DJF,3,seasonal_median,20260815,3,0.8616666666666409,0.872825870377335,0.8616666666666409,1.0249999999999773,-0.8817508223391278,0.8616666666666788,0.003881381381347637,-0.11210791768145256,0.0,ppm
BRW4003_CO2,BRW4003,CO2,71.3230133057,DJF,3,seasonal_residual_linear,20260815,3,0.09666666666663559,0.11592023119366361,0.09666666666663559,0.16749999999996135,0.9450491424815866,0.09666666666663559,0.00043543543540636165,-0.007664104916893066,0.0,ppm
BRW4003_CO2,BRW4003,CO2,71.3230133057,DJF,6,linear,20260815,6,0.0676190476190565,0.08138678961484597,0.05000000000001137,0.14285714285716722,0.9793344482183609,0.05000000000001137,0.0004504504503302087,-0.01235260463109178,0.005102040816382214,ppm
BRW4003_CO2,BRW4003,CO2,71.3230133057,DJF,6,pchip,20260815,6,0.045289820997538754,0.05754256623531115,0.026129032258097595,0.10611116335934412,0.9729998901015336,0.026129032258097595,0.0002353966869463875,-0.009152991540874567,0.0037896844057740964,ppm
BRW4003_CO2,BRW4003,CO2,71.3230133057,DJF,6,local_level_kalman,20260815,6,0.2075281931332332,0.24504513505429482,0.19379228969984297,0.4187922896998657,,0.19379228969984297,0.001745876483767006,-0.021939231632325473,0.014956867489274828,ppm
BRW4003_CO2,BRW4003,CO2,71.3230133057,DJF,6,seasonal_median,20260815,6,0.9516666666666538,0.9619598051200703,0.9516666666666538,1.1100000000000136,0.3592618059023375,0.9516666666666538,0.008573573573528392,-0.23079406855329587,0.03964285714289417,ppm
BRW4003_CO2,BRW4003,CO2,71.3230133057,DJF,6,seasonal_residual_linear,20260815,6,0.2191666666666947,0.23321127760040333,0.2191666666666947,0.31428571428574514,0.8675574024081506,0.21916666666675155,0.0019744744743661613,-0.021939231632325473,0.009591836734728076,ppm
BRW4003_CO2,BRW4003,CO2,71.3230133057,DJF,12,linear,20260815,12,0.2649358974358999,0.3023741526736906,0.027499999999993936,0.5276923076923481,-0.5842069678586964,0.02749999999997499,0.0004954954954428104,3.552713678800501e-15,0.01510989010995445,ppm
BRW4003_CO2,BRW4003,CO2,71.3230133057,DJF,12,pchip,20260815,12,0.2592089186991444,0.2984486090491609,0.012818352059918917,0.5381785171812794,-0.42835378564416926,0.012818352059866811,0.00023096129831401413,-0.007664104918221781,0.01438264713812032,ppm
BRW4003_CO2,BRW4003,CO2,71.3230133057,DJF,12,local_level_kalman,20260815,12,0.24770920860303627,0.2884357716479845,-0.011244748381765627,0.5387447483817596,,-0.011244748381784575,-0.00020260807900740474,-0.014968954918401778,0.013616258986417051,ppm
BRW4003_CO2,BRW4003,CO2,71.3230133057,DJF,12,seasonal_median,20260815,12,0.7316666666666549,0.7934261150226779,0.7316666666666549,1.1100000000000136,-0.019597710596848228,0.7316666666666265,0.013183183183116398,-0.36422157588442694,0.03964285714289417,ppm
BRW4003_CO2,BRW4003,CO2,71.3230133057,DJF,12,seasonal_residual_linear,20260815,12,0.29628205128203905,0.340699694821227,0.09166666666666856,0.5115384615384073,-0.18224964160473253,0.09166666666669698,0.001651651651627617,-0.01291703075992956,0.01695054945054153,ppm
BRW4003_CO2,BRW4003,CO2,71.3230133057,DJF,24,linear,20260815,24,0.17800000000000202,0.226715680975093,0.040000000000001514,0.5260000000000105,0.009591021056917738,0.03999999999996362,0.0014414414413863597,-0.04105770491803007,0.010214285714368998,ppm
BRW4003_CO2,BRW4003,CO2,71.3230133057,DJF,24,pchip,20260815,24,0.1780645112135275,0.2262946318376393,0.04678955453150261,0.5223709935484067,0.008840147003086758,0.046789554531528665,0.00168611007313757,-0.04105770491761973,0.008905211849992156,ppm
BRW4003_CO2,BRW4003,CO2,71.3230133057,DJF,24,local_level_kalman,20260815,24,0.16666666666666666,0.21965999751615556,-0.0007172926859103276,0.5757172926859084,4.313008177386114e-14,-0.000717292685862958,-2.5848385121207684e-05,-0.07528804660270261,0.007857142857233157,ppm
BRW4003_CO2,BRW4003,CO2,71.3230133057,DJF,24,seasonal_median,20260815,24,0.7085416666666641,0.7438252763026156,0.7085416666666641,1.1100000000000136,0.2148712344772675,0.7085416666666333,0.02553303303307075,-0.6413145644201403,0.016785714285788345,ppm
BRW4003_CO2,BRW4003,CO2,71.3230133057,DJF,24,seasonal_residual_linear,20260815,24,0.20277500000000495,0.25320438055715816,-0.016458333333330206,0.5417999999999665,0.15940588512479037,-0.016458333333332575,-0.0005930930931299372,0.0027957581175410695,0.020242857142989124,ppm
BRW4003_CO2,BRW4003,CO2,71.3230133057,DJF,48,linear,20260815,48,0.12690051020408197,0.17532804530191087,0.04854166666666634,0.5048979591836655,0.14826570068685682,0.048541666666721994,0.0034984984984589573,-0.09217035797862572,0.007492711370332472,ppm
BRW4003_CO2,BRW4003,CO2,71.3230133057,DJF,48,pchip,20260815,48,0.12015486739928605,0.16905097693513332,0.008972182652736175,0.5485380666622177,0.1440505425238463,0.00897218265271249,0.0006466437947096892,-0.16224415653092095,0.0075860829812768316,ppm
BRW4003_CO2,BRW4003,CO2,71.3230133057,DJF,48,local_level_kalman,20260815,48,0.14224485202171522,0.18313088786588805,0.07446676323473984,0.5340749034319288,-7.07823392326335e-15,0.07446676323468182,0.005366973926754781,-0.060103484386246464,0.004285714285799713,ppm
BRW4003_CO2,BRW4003,CO2,71.3230133057,DJF,48,seasonal_median,20260815,48,0.7806250000000018,0.8025155761728264,0.7806250000000018,1.1650000000000205,0.17215663283647398,0.7806250000000432,0.05626126126122699,-1.094094523099475,0.02357142857152894,ppm
BRW4003_CO2,BRW4003,CO2,71.3230133057,DJF,48,seasonal_residual_linear,20260815,48,0.15842261904763313,0.20481813319889272,0.005624999999996068,0.48612244897952905,0.19552696873835032,0.0056249999999522515,0.0004054054054449807,-0.025970235037654277,0.0275801749272091,ppm
BRW4003_CO2,BRW4003,CO2,71.3230133057,DJF,72,linear,20260815,72,0.46284817351599844,0.4939808358732792,0.44069444444446365,0.7850684931506748,0.13090223758026423,0.4406944444444889,0.04764264264264284,0.5425914986219471,-0.009099804305208181,ppm
BRW4003_CO2,BRW4003,CO2,71.3230133057,DJF,72,pchip,20260815,72,0.3238861994510576,0.35884280523944456,0.29213999411505476,0.6502506349548298,0.23009323796041745,0.29213999411501845,0.031582702066486945,0.9688293918567545,-0.00848884028204111,ppm
BRW4003_CO2,BRW4003,CO2,71.3230133057,DJF,72,local_level_kalman,20260815,72,0.4622884785137163,0.4837368048232758,0.4570881275766144,0.7913936831321848,1.9944146161122777e-13,0.45708812757663964,0.04941493271104491,-0.3578349381195789,0.0010714285714925609,ppm
BRW4003_CO2,BRW4003,CO2,71.3230133057,DJF,72,seasonal_median,20260815,72,0.7988194444444459,0.8230467196810775,0.7988194444444459,1.2200000000000273,0.04187247369138085,0.7988194444444048,0.08635885885888683,-1.4370196721298392,0.03214285714295784,ppm
BRW4003_CO2,BRW4003,CO2,71.3230133057,DJF,72,seasonal_residual_linear,20260815,72,0.43910673515984894,0.47453324118963547,0.42131944444447655,0.8387671232877096,0.14788018216252383,0.42131944444440705,0.04554804804797641,0.3090364886308343,0.023182485322990942,ppm
HAT2031_CH4,HAT2031,CH4,24.06069,DJF,1,linear,20260815,1,0.6110000000001037,0.6110000000001037,0.6110000000001037,0.6110000000001037,,0.6110000000001037,0.0001650459209940891,-0.000758064378430845,0.0,ppb
HAT2031_CH4,HAT2031,CH4,24.06069,DJF,1,pchip,20260815,1,0.43632755072530927,0.43632755072530927,0.43632755072530927,0.43632755072530927,,0.43632755072530927,0.00011786265531554818,-0.0004961197439570242,0.0,ppb
HAT2031_CH4,HAT2031,CH4,24.06069,DJF,1,local_level_kalman,20260815,1,2.336545473967817,2.336545473967817,2.336545473967817,2.336545473967817,,2.336545473967817,0.0006311576105417771,-0.00312740489044927,0.0,ppb
HAT2031_CH4,HAT2031,CH4,24.06069,DJF,1,seasonal_median,20260815,1,50.523499999999785,50.523499999999785,-50.523499999999785,50.523499999999785,,-50.523499999999785,-0.013647622906319157,0.14210275169159559,0.0,ppb
HAT2031_CH4,HAT2031,CH4,24.06069,DJF,1,seasonal_residual_linear,20260815,1,1.6295000000002346,1.6295000000002346,1.6295000000002346,1.6295000000002346,,1.6295000000002346,0.00044016747688147007,-0.00264266246523448,0.0,ppb
HAT2031_CH4,HAT2031,CH4,24.06069,DJF,3,linear,20260815,3,1.9371666666665988,1.9719590407341308,1.9371666666665988,2.426249999999982,-0.9769551918228322,1.9371666666665988,0.0015698271204200864,-0.00857029826033795,0.0,ppb
HAT2031_CH4,HAT2031,CH4,24.06069,DJF,3,pchip,20260815,3,1.9371666666666745,1.9776955881006506,1.9371666666666745,2.46290625000006,-0.9769551918225846,1.9371666666668261,0.0015698271204200864,-0.00872424961175966,0.0,ppb
HAT2031_CH4,HAT2031,CH4,24.06069,DJF,3,local_level_kalman,20260815,3,2.795136485293748,2.8101841328121484,2.795136485293748,3.1864698186270743,-2.6096627899902766e-13,2.7951364852940515,0.0022651025001323433,-0.01275571724022484,0.0,ppb
HAT2031_CH4,HAT2031,CH4,24.06069,DJF,3,seasonal_median,20260815,3,52.02966666666657,52.04455552216764,-52.02966666666657,53.57199999999989,0.9875649493788284,-52.029666666666344,-0.04216342517565863,0.4489601870947695,0.25877419354833364,ppb
HAT2031_CH4,HAT2031,CH4,24.06069,DJF,3,seasonal_residual_linear,20260815,3,1.161666666666709,1.3200326542679321,0.6838333333333443,2.04825000000028,0.9882895669576287,0.6838333333334958,0.0005541599134630815,-0.0030903020652317537,0.0,ppb
HAT2031_CH4,HAT2031,CH4,24.06069,DJF,6,linear,20260815,6,1.6339523809524508,2.002420547142701,-1.0999999999999848,3.2582857142858757,-0.40189259643915004,-1.1000000000001364,-0.0017828200973326602,0.008529314208828964,0.01810599078339692,ppb
HAT2031_CH4,HAT2031,CH4,24.06069,DJF,6,pchip,20260815,6,1.3840358470846847,1.8123553519201396,-1.1127559986486328,2.9595571883603498,-0.33630072498232727,-1.1127559986482538,-0.0018034943252587254,0.009267419056641302,0.017405618543307355,ppb
HAT2031_CH4,HAT2031,CH4,24.06069,DJF,6,local_level_kalman,20260815,6,1.288213193205858,1.546970890997057,1.2076395796175727,2.327139579617551,,1.2076395796175348,0.001957276466100666,-0.010235656869042487,0.0012700672280061553,ppb
HAT2031_CH4,HAT2031,CH4,24.06069,DJF,6,seasonal_median,20260815,6,52.43308333333331,52.446147317589784,-52.43308333333331,54.04150000000004,0.4221175827122784,-52.43308333333334,-0.08498068611584131,0.881753251815951,0.34865483870976277,ppb
HAT2031_CH4,HAT2031,CH4,24.06069,DJF,6,seasonal_residual_linear,20260815,6,3.858404761904884,4.309116772279871,-3.561833333333387,5.678642857142904,-0.09273108093620176,-3.5618333333331975,-0.005772825499661849,0.03649046253576671,0.036636405529861804,ppb
HAT2031_CH4,HAT2031,CH4,24.06069,DJF,12,linear,20260815,12,2.659660256410291,3.43106971526747,2.5625833333333694,7.9406923076921885,0.23009269969091192,2.562583333333123,0.00830659103189646,-0.05203414855185429,-0.0023667493796892813,ppb
HAT2031_CH4,HAT2031,CH4,24.06069,DJF,12,pchip,20260815,12,2.230082911197087,3.006007531143222,2.0637341576823096,7.265592793793303,0.36959701312301846,2.0637341576818926,0.006689575875725495,-0.04046549091503948,0.0012856773444127612,ppb
HAT2031_CH4,HAT2031,CH4,24.06069,DJF,12,local_level_kalman,20260815,12,2.3368516563145363,3.038955389083992,1.937235817805136,7.031152484471704,-5.664647817979244e-14,1.9372358178047762,0.006279532634607676,-0.03362363273754454,-0.0013880805449844047,ppb
HAT2031_CH4,HAT2031,CH4,24.06069,DJF,12,seasonal_median,20260815,12,50.70779166666665,50.79491677959353,-50.70779166666665,54.04150000000004,-0.044084740356306745,-50.707791666666935,-0.16436885467328466,1.6960389091362913,0.34865483870976277,ppb
HAT2031_CH4,HAT2031,CH4,24.06069,DJF,12,seasonal_residual_linear,20260815,12,2.1508173076922694,2.931957566451831,0.42645833333341443,6.687230769230609,-0.17338658692805042,0.4264583333333576,0.0013823608858274383,-0.007900928417313935,0.015541191066859028,ppb
HAT2031_CH4,HAT2031,CH4,24.06069,DJF,24,linear,20260815,24,8.24283833333329,9.97741292829287,-8.213291666666626,19.048159999999825,0.7222482282996332,-8.213291666666237,-0.053246623446511876,0.387628497116566,-0.025204690406098962,ppb
HAT2031_CH4,HAT2031,CH4,24.06069,DJF,24,pchip,20260815,24,9.584388833274753,11.270722182420442,-9.584388833274753,20.801717352220066,0.6817412691664777,-9.584388833274716,-0.062135421933589896,0.45690189583109486,-0.018543532828289244,ppb
HAT2031_CH4,HAT2031,CH4,24.06069,DJF,24,local_level_kalman,20260815,24,9.550289201038908,10.479016451422607,-7.114573154161964,16.324281487495227,,-7.11457315416169,-0.0461236509183891,0.286991822408595,0.08702072553501239,ppb
HAT2031_CH4,HAT2031,CH4,24.06069,DJF,24,seasonal_median,20260815,24,45.43856249999999,46.1395247518103,-45.43856249999999,54.04150000000004,-0.016948402799815146,-45.438562499999534,-0.29457739059967025,3.0348312416170415,0.12289509845004432,ppb
HAT2031_CH4,HAT2031,CH4,24.06069,DJF,24,seasonal_residual_linear,20260815,24,6.6764391666667775,8.003191520080266,-6.575812500000097,16.147719999999936,0.8095211974701468,-6.575812499999984,-0.042630875202576135,0.2861131512767088,0.008664000000635497,ppb
HAT2031_CH4,HAT2031,CH4,24.06069,DJF,48,linear,20260815,48,4.0653426870748275,6.063811289774198,-3.0134583333333325,16.887142857142862,0.9539184707738884,-3.0134583333331193,-0.0390723933010122,0.2614858424114459,-0.039772790540610004,ppb
HAT2031_CH4,HAT2031,CH4,24.06069,DJF,48,pchip,20260815,48,9.42424843180568,11.015161535775448,-9.42424843180568,23.895290314582326,0.9362675747389271,-9.424248431805609,-0.12219446913218235,1.0523967539258479,-0.04639365797879691,ppb
HAT2031_CH4,HAT2031,CH4,24.06069,DJF,48,local_level_kalman,20260815,48,14.60110127024042,15.854703122842388,-0.3067430904481938,23.93578475711479,1.344728595315919e-14,-0.306743090448208,-0.003977219973194224,0.0020825709459586506,0.16568894009219548,ppb
HAT2031_CH4,HAT2031,CH4,24.06069,DJF,48,seasonal_median,20260815,48,31.544562500000026,35.46336699518841,-31.544562500000026,55.08600000000001,-0.09628352973490935,-31.544562499999984,-0.40900567260950993,4.419400462534412,0.22518617511536831,ppb
HAT2031_CH4,HAT2031,CH4,24.06069,DJF,48,seasonal_residual_linear,20260815,48,3.758767431972828,5.076197962330088,-1.6875625000000554,13.69235714285719,0.9657270159510212,-1.6875625000000127,-0.021880875202896277,0.11435503024091531,0.02979538315571517,ppb
HAT2031_CH4,HAT2031,CH4,24.06069,DJF,72,linear,20260815,72,10.96094805936076,12.939274629712195,9.132847222222274,21.66334246575343,0.8789123542011869,9.132847222221926,0.1776242571579587,-1.8808314086818996,-0.01633765659880737,ppb
HAT2031_CH4,HAT2031,CH4,24.06069,DJF,72,pchip,20260815,72,7.538742883188892,8.786248359795563,3.4391702622491587,16.43156110397922,0.9346107149669316,3.439170262249263,0.06688823848799075,-0.8266560913501166,-0.018019606749930972,ppb
HAT2031_CH4,HAT2031,CH4,24.06069,DJF,72,local_level_kalman,20260815,72,19.95267722593512,21.99204892601878,14.324693112437792,35.65634589021556,,14.324693112437672,0.27860019019317406,-2.799768590097017,0.13634055299553438,ppb
HAT2031_CH4,HAT2031,CH4,24.06069,DJF,72,seasonal_median,20260815,72,24.817798611111144,30.035180405361977,-24.817798611111144,55.1579999999999,-0.046059639271925884,-24.817798611111357,-0.48268003781754487,5.317968706810063,0.2242505655633522,ppb
HAT2031_CH4,HAT2031,CH4,24.06069,DJF,72,seasonal_residual_linear,20260815,72,11.647646404109615,13.697961573256633,10.28070138888892,24.385390410958962,0.881150592716164,10.280701388888701,0.19994881145316867,-2.0689448084942796,0.07316453650173571,ppb
HAT2031_CH4,HAT2031,CH4,24.06069,MAM,1,linear,20260815,1,1.3044999999999618,1.3044999999999618,1.3044999999999618,1.3044999999999618,,1.3044999999999618,0.00035237709357716085,0.0012930973346669816,0.0,ppb
HAT2031_CH4,HAT2031,CH4,24.06069,MAM,1,pchip,20260815,1,1.4121116923472528,1.4121116923472528,1.4121116923472528,1.4121116923472528,,1.4121116923472528,0.00038144562199704524,0.0013020682451383436,0.0,ppb
HAT2031_CH4,HAT2031,CH4,24.06069,MAM,1,local_level_kalman,20260815,1,0.3366197061998264,0.3366197061998264,0.3366197061998264,0.3366197061998264,,0.3366197061998264,9.092914820030273e-05,0.0,0.0,ppb
HAT2031_CH4,HAT2031,CH4,24.06069,MAM,1,seasonal_median,20260815,1,14.121000000000095,14.121000000000095,-14.121000000000095,14.121000000000095,,-14.121000000000095,-0.003814424635265823,-0.007505518773712083,0.0,ppb
HAT2031_CH4,HAT2031,CH4,24.06069,MAM,1,seasonal_residual_linear,20260815,1,1.9525000000001,1.9525000000001,1.9525000000001,1.9525000000001,,1.9525000000001,0.0005274176121474738,0.0015071444047407567,0.0,ppb
HAT2031_CH4,HAT2031,CH4,24.06069,MAM,3,linear,20260815,3,0.8051666666666885,0.809065587576211,0.2615000000000691,0.896750000000111,0.8243985479105943,0.26149999999984175,0.00021191247992646822,0.0,-0.005295454545375833,ppb
HAT2031_CH4,HAT2031,CH4,24.06069,MAM,3,pchip,20260815,3,0.7586512601532528,0.9557077046335184,-0.32355426819966243,1.5175651218396524,0.7900492373588719,-0.32355426819981403,-0.0002621995690788026,-0.0026882898942517386,-0.009854318972884357,ppb
HAT2031_CH4,HAT2031,CH4,24.06069,MAM,3,local_level_kalman,20260815,3,1.0312647210272796,1.5167731803804216,0.7002058369183336,2.5972058369184197,,0.7002058369182578,0.000567427744726956,0.0027238215482725536,-0.0024467153446039447,ppb
HAT2031_CH4,HAT2031,CH4,24.06069,MAM,3,seasonal_median,20260815,3,14.525333333333341,14.528310684086211,-14.525333333333341,14.812000000000126,0.9797081216777404,-14.525333333333265,-0.011770934629794283,-0.025825793390083618,-0.06362337662312711,ppb
HAT2031_CH4,HAT2031,CH4,24.06069,MAM,3,seasonal_residual_linear,20260815,3,1.1034166666665897,1.4487265061367434,1.1034166666665897,2.369374999999991,0.9452325769577711,1.1034166666665897,0.0008941788223637559,0.0027469296005051547,0.0053035714288398594,ppb
HAT2031_CH4,HAT2031,CH4,24.06069,MAM,6,linear,20260815,6,1.888833333333385,2.1313076971663074,1.1168333333334506,3.29300000000012,0.055419969462427755,1.1168333333334886,0.0018101026471413206,0.005405994458612895,0.005396103896146087,ppb
HAT2031_CH4,HAT2031,CH4,24.06069,MAM,6,pchip,20260815,6,1.7663318568802424,2.101135940647037,1.1876891975680337,3.475821362119632,0.03879047387389115,1.1876891975680337,0.001924941973584282,0.0062895323019347416,0.004400094703441937,ppb
HAT2031_CH4,HAT2031,CH4,24.06069,MAM,6,local_level_kalman,20260815,6,1.5070262014310554,1.5477253105952833,-0.28874527095971797,2.2034213957069824,2.4922265683645748e-14,-0.28874527095990743,-0.0004679826108713314,-0.00599331775634937,-0.009886874053790962,ppb
HAT2031_CH4,HAT2031,CH4,24.06069,MAM,6,seasonal_median,20260815,6,15.936333333333286,16.07655072872697,-15.936333333333286,19.340999999999894,0.2722510884872985,-15.936333333333096,-0.025828741220720985,-0.07290771590447775,-0.06362337662312711,ppb
HAT2031_CH4,HAT2031,CH4,24.06069,MAM,6,seasonal_residual_linear,20260815,6,2.461119047619112,2.5014362017506824,1.0281666666667586,3.1202857142857283,0.2538491218954901,1.028166666666948,0.0016663965425323113,0.002375226975516398,0.015055658627261437,ppb
HAT2031_CH4,HAT2031,CH4,24.06069,MAM,12,linear,20260815,12,1.263083333333365,1.5415556016819483,0.3274166666667308,2.6595384615386592,0.8540332260746972,0.32741666666652236,0.0010613182064389548,0.0009459647177436636,-0.002939328413503972,ppb
HAT2031_CH4,HAT2031,CH4,24.06069,MAM,12,pchip,20260815,12,1.6703260728705043,2.040316176323731,-0.9500997234490569,3.9682583950930166,0.8107319674566105,-0.9500997234492843,-0.0030797397841979546,-0.009303339285736456,0.003189952893762893,ppb
HAT2031_CH4,HAT2031,CH4,24.06069,MAM,12,local_level_kalman,20260815,12,2.4596039166288506,2.82058175063657,-0.3192068331064964,3.947876500226812,3.380565399190405e-14,-0.319206833105909,-0.0010347061040647532,-0.007061488684144024,-0.04457093102223553,ppb
HAT2031_CH4,HAT2031,CH4,24.06069,MAM,12,seasonal_median,20260815,12,15.33145833333331,15.476555696574279,-15.33145833333331,19.340999999999894,0.6715913362195195,-15.33145833333333,-0.04969678552129153,-0.15407084181225628,0.024883074989475062,ppb
HAT2031_CH4,HAT2031,CH4,24.06069,MAM,12,seasonal_residual_linear,20260815,12,3.331554487179517,3.8193576615859626,-2.5827083333333385,6.238153846153864,0.8023396966415672,-2.5827083333333576,-0.008371826040047381,-0.01423766246540481,0.029544094614948335,ppb
HAT2031_CH4,HAT2031,CH4,24.06069,MAM,24,linear,20260815,24,2.2385483333333696,2.5041729389827636,2.0517083333333708,4.776560000000018,0.9687134677168002,2.0517083333334085,0.013301188546847698,0.03151176885791074,-0.012105010473533184,ppb
HAT2031_CH4,HAT2031,CH4,24.06069,MAM,24,pchip,20260815,24,3.3008001155438365,3.7083889163993757,3.0426869226045787,6.739056920019948,0.9511699898644268,3.0426869226046165,0.019725685073808563,0.03875319356171758,-0.01954235182051889,ppb
HAT2031_CH4,HAT2031,CH4,24.06069,MAM,24,local_level_kalman,20260815,24,4.386495516676973,5.199075513442179,-0.7445147667286088,8.545776899938119,,-0.744514766728571,-0.004826675959293425,0.0013020682451383436,0.002405604394425609,ppb
HAT2031_CH4,HAT2031,CH4,24.06069,MAM,24,seasonal_median,20260815,24,10.09089583333334,11.679998720658446,-9.899229166666657,19.340999999999894,-0.32905979108990563,-9.8992291666666,-0.06417652620189074,-0.1938376334288705,0.032707750313875295,ppb
HAT2031_CH4,HAT2031,CH4,24.06069,MAM,24,seasonal_residual_linear,20260815,24,2.308429166666675,2.888199933565846,-0.9657291666665628,6.199399999999741,0.8487982445748019,-0.965729166666506,-0.006260804970224854,-0.007467926845663442,0.02639786342683692,ppb
HAT2031_CH4,HAT2031,CH4,24.06069,MAM,48,linear,20260815,48,1.4565624999999898,1.8727387395148156,-0.5073124999999076,5.787387755101918,0.9891156872112763,-0.5073124999998981,-0.006577795786142815,-0.02520204606724974,-0.02436325333633249,ppb
HAT2031_CH4,HAT2031,CH4,24.06069,MAM,48,pchip,20260815,48,5.420069797436663,6.086524723505668,-5.253561138403081,12.833243898560568,0.9714380567679869,-5.253561138403256,-0.06811748639734105,-0.41635632713035875,-0.008460290985567553,ppb
HAT2031_CH4,HAT2031,CH4,24.06069,MAM,48,local_level_kalman,20260815,48,10.997670321691658,12.280555204998105,-1.5131750735331575,19.91686257353308,,-1.5131750735333753,-0.019619774049033367,0.24272149496914608,0.04677944176182791,ppb
HAT2031_CH4,HAT2031,CH4,24.06069,MAM,48,seasonal_median,20260815,48,10.764645833333342,12.738536027133696,1.2534583333333462,23.502499999999827,-0.15594051276796847,1.2534583333331284,0.01625229605633649,0.4354906084694221,0.09870435693369473,ppb
HAT2031_CH4,HAT2031,CH4,24.06069,MAM,48,seasonal_residual_linear,20260815,48,3.1767125850338496,3.8019469734468707,-2.9520416666664553,7.515295918367201,0.9806059847808853,-2.9520416666669007,-0.03827606699064745,-0.20824055269400787,0.03798263809903801,ppb
HAT2031_CH4,HAT2031,CH4,24.06069,MAM,72,linear,20260815,72,7.614392123287666,9.044913761375678,-7.42451388888888,19.37947945205474,0.977719244844253,-7.424513888888896,-0.14439897352781372,-0.12634210712479899,0.036424966284585025,ppb
HAT2031_CH4,HAT2031,CH4,24.06069,MAM,72,pchip,20260815,72,11.533054595612937,13.04520740877575,-11.42276063510126,23.539807068183563,0.9680942188218498,-11.42276063510144,-0.22216066065016093,-0.22651563520156515,0.04519545056223251,ppb
HAT2031_CH4,HAT2031,CH4,24.06069,MAM,72,local_level_kalman,20260815,72,16.801859675156727,20.51883360281258,-7.305077932552068,38.75793595633672,5.2703011992710865e-15,-7.305077932552194,-0.14207607000093958,-1.1557296744516634,0.2541332973553381,ppb
HAT2031_CH4,HAT2031,CH4,24.06069,MAM,72,seasonal_median,20260815,72,18.486868055555565,23.299662160834604,12.479548611111126,60.28399999999988,-0.18054948609910895,12.479548611111113,0.24271407347396234,1.5627552111373006,0.3380020946794957,ppb
HAT2031_CH4,HAT2031,CH4,24.06069,MAM,72,seasonal_residual_linear,20260815,72,9.525564402587442,11.081804044348063,-9.412951388888805,23.612198630136845,0.9684243813652187,-9.412951388889041,-0.18307198811453418,-0.18211747695772829,0.12812054450182586,ppb
HAT2031_CH4,HAT2031,CH4,24.06069,JJA,1,linear,20260815,1,0.5160000000000764,0.5160000000000764,-0.5160000000000764,0.5160000000000764,,-0.5160000000000764,-0.00013938411666458705,-0.0014802924162609088,0.0,ppb
HAT2031_CH4,HAT2031,CH4,24.06069,JJA,1,pchip,20260815,1,0.638918157646458,0.638918157646458,-0.638918157646458,0.638918157646458,,-0.638918157646458,-0.00017258729280911211,-0.0017548254232906402,0.0,ppb
HAT2031_CH4,HAT2031,CH4,24.06069,JJA,1,local_level_kalman,20260815,1,0.4128287250966878,0.4128287250966878,-0.4128287250966878,0.4128287250966878,,-0.4128287250966878,-0.00011151505282214202,-0.0011504684166538937,0.0,ppb
HAT2031_CH4,HAT2031,CH4,24.06069,JJA,1,seasonal_median,20260815,1,70.14599999999996,70.14599999999996,70.14599999999996,70.14599999999996,,70.14599999999996,0.018948136142626026,0.16405629437019797,0.07225974025982396,ppb
HAT2031_CH4,HAT2031,CH4,24.06069,JJA,1,seasonal_residual_linear,20260815,1,0.29025000000001455,0.29025000000001455,-0.29025000000001455,0.29025000000001455,,-0.29025000000001455,-7.84035655669868e-05,-0.0005065267735062662,0.0,ppb
HAT2031_CH4,HAT2031,CH4,24.06069,JJA,3,linear,20260815,3,0.6793333333334127,0.7938319511500702,0.5609999999999218,1.1835000000000946,0.9974463236751173,0.5610000000003765,0.00045461912486643996,0.0027238215482725536,0.007685064935230912,ppb
HAT2031_CH4,HAT2031,CH4,24.06069,JJA,3,pchip,20260815,3,0.7930921398773686,0.8857287186315799,0.5115114070680798,1.3392916319364758,0.9984842011198782,0.511511407068383,0.00041451491665611684,0.002382213507473807,0.008696698908579492,ppb
HAT2031_CH4,HAT2031,CH4,24.06069,JJA,3,local_level_kalman,20260815,3,1.163801072428593,1.2818816991134827,0.5694032172857533,1.9144032172857806,,0.5694032172859806,0.0004614288634456898,0.0028791895288691194,0.012431189722747149,ppb
HAT2031_CH4,HAT2031,CH4,24.06069,JJA,3,seasonal_median,20260815,3,71.95999999999997,71.97169346810357,71.95999999999997,73.10500000000002,-0.22786051770372334,71.96000000000026,0.058314424635455,0.5099529625349533,0.474707792207937,ppb
HAT2031_CH4,HAT2031,CH4,24.06069,JJA,3,seasonal_residual_linear,20260815,3,2.2504999999997986,2.398555633084037,2.2504999999997986,2.9194999999997435,0.716676785389892,2.250500000000102,0.0018237439221593377,0.016161566430923813,0.017862012987052367,ppb
HAT2031_CH4,HAT2031,CH4,24.06069,JJA,6,linear,20260815,6,0.6804523809523744,0.7488532026021837,0.4261666666665557,1.2215714285712238,0.9636336967213924,0.4261666666664041,0.0006907077254254546,0.009601444131135395,0.0054044526905272505,ppb
HAT2031_CH4,HAT2031,CH4,24.06069,JJA,6,pchip,20260815,6,0.7558862555749405,0.9024746723650918,-0.5817458146859357,1.7846557374673466,0.9385001179507815,-0.5817458146857462,-0.0009428619362097379,-0.006690916776619815,-0.0028773974970590643,ppb
HAT2031_CH4,HAT2031,CH4,24.06069,JJA,6,local_level_kalman,20260815,6,2.0581427240574612,2.5074049822996822,1.6773807527528486,4.571714086086104,,1.677380752752697,0.002718607378710658,0.02550572569208498,0.010803338221421654,ppb
HAT2031_CH4,HAT2031,CH4,24.06069,JJA,6,seasonal_median,20260815,6,72.33699999999999,72.34540153089667,72.33699999999999,73.67599999999993,0.8246010443646576,72.33699999999999,0.11723987034019956,1.026059130908493,0.474707792207937,ppb
HAT2031_CH4,HAT2031,CH4,24.06069,JJA,6,seasonal_residual_linear,20260815,6,2.613499999999817,2.7345616041087437,2.613499999999817,3.567714285714146,0.903666713183537,2.6134999999997035,0.004235818476445274,0.03875319356171758,0.023166975881395047,ppb
HAT2031_CH4,HAT2031,CH4,24.06069,JJA,12,linear,20260815,12,1.6508333333332341,1.966165681518,1.6508333333332341,3.626384615384495,0.8289699238993559,1.6508333333324572,0.005351161534463245,0.0570997572054921,-0.0013460249426771043,ppb
HAT2031_CH4,HAT2031,CH4,24.06069,JJA,12,pchip,20260815,12,0.9156232975118238,1.082732177219548,0.5234865439151122,2.0544137086326373,0.8703077816616757,0.5234865439144869,0.001696876965525007,0.020803597824965436,-0.004004483614608034,ppb
HAT2031_CH4,HAT2031,CH4,24.06069,JJA,12,local_level_kalman,20260815,12,3.5565585595801963,3.9644966126659678,3.4763036048295626,6.0564702714962095,-2.2865524747985254e-13,3.4763036048288996,0.011268407147099424,0.11475671253492692,-0.023980038949275695,ppb
HAT2031_CH4,HAT2031,CH4,24.06069,JJA,12,seasonal_median,20260815,12,71.55037500000002,71.56833778561463,71.55037500000002,73.67599999999993,0.7044662693236393,71.55037499999912,0.2319299027553825,2.0742149472948768,0.009204566401649572,ppb
HAT2031_CH4,HAT2031,CH4,24.06069,JJA,12,seasonal_residual_linear,20260815,12,2.6350416666664955,2.8729181556677754,2.249624999999791,4.442999999999756,0.7356086977367452,2.249624999999469,0.00729213938416251,0.06728374122269543,0.013314725597183497,ppb
HAT2031_CH4,HAT2031,CH4,24.06069,JJA,24,linear,20260815,24,2.46991499999991,3.003777847699913,2.431041666666554,5.51747999999975,0.10690291414902618,2.431041666666715,0.015760399784085166,0.140432992178944,-0.0166093724340044,ppb
HAT2031_CH4,HAT2031,CH4,24.06069,JJA,24,pchip,20260815,24,1.8430896666050103,2.270665701164809,1.6155584695120524,4.438177537203501,0.28448948711766076,1.6155584695122798,0.010473636755250482,0.08748941530672028,-0.012735339454366112,ppb
HAT2031_CH4,HAT2031,CH4,24.06069,JJA,24,local_level_kalman,20260815,24,3.340046509788266,3.6650858482643622,3.3105014955265895,6.183459828859895,,3.3105014955267507,0.021461922175149084,0.23719880119313075,-0.02397471890117231,ppb
HAT2031_CH4,HAT2031,CH4,24.06069,JJA,24,seasonal_median,20260815,24,72.10393750000001,72.12898366952025,72.10393750000001,76.02800000000002,0.5105808028011454,72.10393750000003,0.4674485413288494,4.252432462534728,0.009204566401649572,ppb
HAT2031_CH4,HAT2031,CH4,24.06069,JJA,24,seasonal_residual_linear,20260815,24,1.9123874999999373,2.1872297485440972,1.187437499999864,3.925599999999804,0.561765750663876,1.18743749999976,0.00769813614283521,0.06848250632941699,0.015564373690722277,ppb
HAT2031_CH4,HAT2031,CH4,24.06069,JJA,48,linear,20260815,48,2.1976819727890415,2.7174082103729575,2.097124999999911,6.117693877550892,0.06489480076773789,2.097124999999778,0.027191247974087673,0.2597286628742381,-0.03214604447543934,ppb
HAT2031_CH4,HAT2031,CH4,24.06069,JJA,48,pchip,20260815,48,1.9596770608442426,2.4206120207935924,1.9143847609177793,5.300069689389829,0.11348118540632511,1.9143847609177556,0.024821844550160677,0.24266680547918895,-0.032367925127800845,ppb
HAT2031_CH4,HAT2031,CH4,24.06069,JJA,48,local_level_kalman,20260815,48,2.738491662142574,2.9977811516311275,2.6965945604965973,5.5324695604965655,,2.696594560496578,0.03496394892067656,0.4771280532551714,-0.041224258938882485,ppb
HAT2031_CH4,HAT2031,CH4,24.06069,JJA,48,seasonal_median,20260815,48,72.60110416666664,72.6207561656646,72.60110416666664,76.62049999999999,0.5846000667502856,72.60110416666657,0.941343327930781,8.722621189809985,0.03226832844597993,ppb
HAT2031_CH4,HAT2031,CH4,24.06069,JJA,48,seasonal_residual_linear,20260815,48,1.8081900510203848,2.2653466892865244,1.150854166666657,5.625806122448921,0.5563376088379904,1.1508541666664769,0.014921934089670685,0.13785732376851456,0.03681232697545056,ppb
HAT2031_CH4,HAT2031,CH4,24.06069,JJA,72,linear,20260815,72,3.4800277777776785,3.6739067503301013,3.4800277777776785,6.706136986301317,0.477641426937017,3.480027777778105,0.06768287412228347,0.7061938059538306,-0.03861529575124223,ppb
HAT2031_CH4,HAT2031,CH4,24.06069,JJA,72,pchip,20260815,72,2.868768774730032,3.1279597706603233,2.868768774730032,6.143239720019665,0.38710799621333175,2.86876877473037,0.05579453046470917,0.7492010500715764,-0.03759811613940656,ppb
HAT2031_CH4,HAT2031,CH4,24.06069,JJA,72,local_level_kalman,20260815,72,3.9556042620463074,4.169524872427808,3.9490350187396928,6.303507240961835,2.336732915989085e-13,3.949035018739778,0.07680457086689785,1.0627242758574198,-0.043902072822447735,ppb
HAT2031_CH4,HAT2031,CH4,24.06069,JJA,72,seasonal_median,20260815,72,73.50531944444445,73.53494608399731,73.50531944444445,78.55100000000016,0.3444108812812197,73.50531944444492,1.4296010264722554,13.449581345212351,0.05609162128189382,ppb
HAT2031_CH4,HAT2031,CH4,24.06069,JJA,72,seasonal_residual_linear,20260815,72,2.9275673515981406,3.3831845057043943,2.7918194444443905,7.153849315068328,0.510143671220116,2.7918194444444,0.05429794705560198,0.6275632138890614,0.05339216532502178,ppb
